组,alpha,RL回报,RL标准差,最强基线,基线策略,差,Eco,Gdp,Emp,Floor,Cost,Disrupt,Expire,立项数,停手率,空转年,花钱比
base,0.0,0.623648966884157,0.02630799899692772,0.5080631938858161,生态定向,0.11558577299834094,2143.2498888332025,-191.63893228963985,-293.4582769855224,2091974.7784510055,-2367.552729027045,-1852.361344839747,-2.5483688236299527,24.48,0.8586666666666666,0.0,0.9982074074074074
base,0.15,0.45756641996043623,0.09414493007557193,0.4239262770373524,生态定向,0.033640142923083816,1809.1592399175752,102.97809531920925,-167.25226860473487,1875804.6686160252,-2185.843180170641,-6188.363130559527,-3.008428103003708,26.559999999999995,0.712,0.0,0.9733925925925926
base,0.3,0.47979855244432706,0.1467770132671139,0.3476771961434322,生态定向,0.1321213563008949,1601.1528090491315,469.8136931336576,93.98449232513556,2022035.0577406026,-2295.674267787429,-5672.10147717014,-3.1022388811353023,25.360000000000003,0.8053333333333332,0.0,0.9974666666666666
base,0.5,0.46963599395974837,0.17018126015531285,0.36982001703906714,就业定向,0.09981597692068123,705.0076644832243,1548.3950530775771,619.1770396994193,1863068.6925162082,-2193.742668331957,-11834.119487078344,-2.905565290811361,24.92,0.8026666666666668,0.0,0.9989629629629629
base,0.7,0.5559153667097834,0.1122830160042956,0.48671661571907077,就业定向,0.0691987509907126,0.0,2531.360645376392,1283.118674084047,1915160.8198723334,-2208.584890582293,-22723.309954100925,-2.485611437092068,23.72,0.9093333333333333,0.0,0.9978666666666666
base,0.85,0.5372377659821327,0.14873676990437712,0.5662063028214732,就业定向,-0.02896853683934053,0.0,2491.5499497339647,1257.730336043873,1894574.927834689,-2076.558167262183,-30363.40700255084,-4.676981942306877,35.92,0.40800000000000003,0.0,0.9179555555555556
base,1.0,0.6186071424195868,0.03744688063557969,0.6395813986083061,就业定向,-0.020974256188719287,0.0,2610.102607294363,1322.255447885492,1970160.617349383,-2258.049687953785,-23158.250577520186,-2.7365590363047554,25.560000000000002,0.784,0.0,0.9980148148148148
cool0,0.0,0.5936754575902338,0.06495518246706064,0.5095785970268758,生态定向,0.08409686056335797,2024.1310255128446,-170.5263050626327,-262.9214062152383,1979935.7706523384,-2246.3020700686275,-3802.6076100552077,-3.1891088343481684,25.24,0.808,0.4,0.9966518518518518
cool0,0.15,0.48777854189305536,0.029885881559146604,0.4252561768786698,生态定向,0.06252236501438557,1785.2165087412577,104.80912630695005,-169.64212304472977,1881605.8421283946,-2206.161655193996,-1500.0358026239596,-3.077600534295843,22.72,0.8346666666666668,0.0,0.9974814814814815
cool0,0.3,0.25157170818670793,0.17416780129044593,0.3488389836193583,生态定向,-0.09726727543265035,1268.0671186917707,-131.2017213297695,-174.8545104406877,1241446.0796247716,-1411.9791534560404,-2068.1477679278005,-1.4702897286306544,14.88,0.9333333333333332,4.6,0.7267259259259259
cool0,0.5,0.4104084688419304,0.17569732669285273,0.36664362166352615,就业定向,0.04376484717840423,1062.8706034786585,1220.5330522162824,409.5290812360098,1910284.6003268536,-2279.959257116522,-10895.08448765469,-3.134166422869396,27.160000000000004,0.7626666666666666,0.0,0.9962370370370369
cool0,0.7,0.5514702253342793,0.15568135172772396,0.4836560509683754,就业定向,0.06781417436590387,0.0,2494.833604055805,1264.5806760488802,1894057.8931641653,-2166.477513824014,-21860.185801914446,-2.446985287330034,22.240000000000002,0.9039999999999999,0.0,0.9828296296296296
cool0,0.85,0.45700133405255394,0.13572126327236472,0.5632245028956728,就业定向,-0.10622316884311889,0.0,2137.5039661763067,1079.6409384576466,1618360.28489196,-1852.0888591400958,-22920.562627411753,-2.9608992448255744,27.439999999999998,0.7413333333333333,0.0,0.9456
cool0,1.0,0.5399820016972627,0.131155089972143,0.6366723046747165,就业定向,-0.09669030297745373,0.0,2355.0618485731197,1187.474524164588,1769337.0410052366,-2031.6370339215507,-27890.247379953486,-3.302420755481459,30.8,0.5866666666666667,0.0,0.922074074074074
cool1,0.0,0.5936754575902339,0.06495518246706064,0.5095785970268758,生态定向,0.08409686056335808,2024.1310255128442,-170.52630506263267,-262.9214062152382,1979935.7706523384,-2246.3020700686275,-3802.6076100552077,-3.1891088343481684,25.24,0.808,0.4,0.9966518518518518
cool1,0.15,0.48777854189305536,0.029885881559146604,0.4252561768786698,生态定向,0.06252236501438557,1785.2165087412582,104.80912630695006,-169.64212304472977,1881605.8421283942,-2206.161655193996,-1500.0358026239596,-3.0776005342958426,22.72,0.8346666666666668,0.0,0.9974814814814815
cool1,0.3,0.251571708186708,0.17416780129044593,0.3488389836193583,生态定向,-0.09726727543265029,1268.0671186917707,-131.2017213297695,-174.8545104406877,1241446.0796247716,-1411.9791534560404,-2068.1477679278005,-1.4702897286306544,14.88,0.9333333333333332,4.6,0.7267259259259259
cool1,0.5,0.4104084688419304,0.17569732669285273,0.36664362166352615,就业定向,0.04376484717840423,1062.8706034786585,1220.5330522162824,409.52908123600986,1910284.6003268536,-2279.959257116522,-10895.084487654689,-3.134166422869396,27.160000000000004,0.7626666666666666,0.0,0.996237037037037
cool1,0.7,0.5514702253342793,0.15568135172772396,0.4836560509683754,就业定向,0.06781417436590387,0.0,2494.8336040558047,1264.5806760488802,1894057.8931641653,-2166.477513824014,-21860.18580191445,-2.446985287330034,22.240000000000002,0.9039999999999999,0.0,0.9828296296296297
cool1,0.85,0.45700133405255394,0.13572126327236472,0.5632245028956728,就业定向,-0.10622316884311889,0.0,2137.5039661763067,1079.6409384576464,1618360.28489196,-1852.0888591400956,-22920.562627411757,-2.9608992448255744,27.439999999999998,0.7413333333333333,0.0,0.9456
cool1,1.0,0.539982001697263,0.131155089972143,0.6366723046747165,就业定向,-0.09669030297745351,0.0,2355.0618485731197,1187.4745241645883,1769337.0410052366,-2031.6370339215505,-27890.247379953486,-3.302420755481459,30.8,0.5866666666666667,0.0,0.922074074074074
cool3,0.0,0.6184636446903824,0.0519298910794055,0.512218826000571,生态定向,0.1062448186898114,2088.839172308835,-185.96532728973656,-282.3393817607922,2018948.7054272913,-2296.1505330527934,-2809.405795521333,-2.6017000978299505,24.8,0.8853333333333333,0.0,0.998785185185185
cool3,0.15,0.4305042042592965,0.10405571786891334,0.42787753380220134,生态定向,0.002626670457095137,1711.8874321568583,-108.49161924748391,-223.77772285071993,1711815.9743178184,-1937.9843153166707,-1617.8557338266023,-2.4725158816612396,22.92,0.9093333333333333,1.0,0.9845925925925926
cool3,0.3,0.38867353821318057,0.02356979503664054,0.3514432377474288,生态定向,0.037230300465751764,1349.1461146504748,600.3716730065104,43.01298087112167,1796265.4242899953,-2153.173574577654,-4088.3597475616966,-2.8959711978036227,23.6,0.8346666666666666,0.0,0.9984
cool3,0.5,0.40364933396675146,0.11055496842741919,0.36792826576508164,就业定向,0.035721068201669814,1030.5522295136966,1127.1481535515736,408.8262631348181,1873603.7676526555,-2211.8793728862147,-8113.420803117534,-3.3090460895325124,27.919999999999998,0.6426666666666667,0.0,0.9985185185185186
cool3,0.7,0.44354456021793726,0.08155247443931687,0.4849299617380845,就业定向,-0.04138540152014725,0.0,2339.210778728462,1181.3297403778058,1760181.3131629308,-2011.7779968868788,-26229.406135999365,-2.9270900860181692,23.359999999999996,0.8426666666666668,0.0,0.9968592592592593
cool3,0.85,0.515808640720565,0.17052673509490174,0.5644911149997265,就业定向,-0.0486824742791615,21.80995180566671,2293.977040190951,1160.5278106858914,1767333.6951388498,-2016.707106792733,-20564.061110605217,-3.9171018229413996,32.28,0.5546666666666666,0.0,0.9524592592592593
cool3,1.0,0.487995182228331,0.1306989813556275,0.6379321795489341,就业定向,-0.14993699732060312,0.0,2168.385114538921,1093.743429127569,1661525.518227549,-1910.0028459851699,-24449.336308883434,-3.5412387278075834,29.639999999999997,0.6133333333333334,0.0,0.9397037037037036
statutory,0.0,0.5448339361343605,0.04230717719254323,0.4315945275356113,生态定向,0.1132394085987492,1613.5058069845404,-104.91386615321012,-210.73626793845384,1575714.215066464,-1789.4023826634166,-927.814030658859,-6.131358569876538,25.200000000000003,0.8533333333333333,0.0,0.9989037037037038
statutory,0.15,0.41538947048592706,0.05742580905811807,0.35662019225025304,生态定向,0.058769278235674016,1229.7057108101367,315.47116376092947,-46.62136544134193,1462351.4364910196,-1734.1064816347116,-2060.2955488991274,-6.66009730736139,26.159999999999997,0.8053333333333335,0.0,0.975525925925926
statutory,0.3,0.338097303885061,0.027106798998784626,0.2886747008978973,生态定向,0.049422602987163666,1326.2313393294094,98.76396967962319,-124.52091968615359,1404259.703701723,-1642.9960644251835,-1239.1790436431252,-5.097467147813634,20.68,0.9706666666666667,0.0,0.9992296296296297
statutory,0.5,0.3999980034181845,0.09827894118737553,0.3267760561915139,就业定向,0.07322194722667058,371.403396161507,1480.0872788612796,653.4357917132023,1465644.0415958483,-1727.9941617639179,-11168.082315190051,-5.590906280459497,21.279999999999998,0.8986666666666668,0.0,0.9980740740740741
statutory,0.7,0.4807547774820291,0.0758687520713704,0.44992436017235893,就业定向,0.030830417309670177,2.8948675132949284,1875.5437095664897,951.074004517303,1430667.819828327,-1620.6226266431092,-16051.975496934077,-6.881981320253722,26.560000000000002,0.7946666666666666,0.5599999999999999,0.923111111111111
statutory,0.85,0.493180804065849,0.024522035907108653,0.5336652068793336,就业定向,-0.04048440281348459,0.0,1921.8177060234525,971.618237566074,1447711.17397345,-1688.6537848844007,-15428.068280452135,-6.007752149607947,23.6,0.8053333333333332,0.0,0.9987259259259259
statutory,1.0,0.4872802466493238,0.17569512473478494,0.6109644499934639,就业定向,-0.1236842033441401,4.1792536220783045,1772.813113179164,892.7691572809078,1356269.0439311187,-1546.697343789392,-17888.05859563253,-7.760790732966496,31.160000000000004,0.5546666666666666,0.0,0.9244148148148149
build3,0.0,0.5604356819861283,0.05066318581282452,0.4653966625785494,生态定向,0.09503901940757886,2680.2250238473957,-289.0645892627379,-367.13213239275376,2651242.869538039,-2990.020371828181,-2543.9258049718146,-3.7498596213524826,29.8,0.6133333333333333,0.0,0.9925037037037037
build3,0.15,0.4471737798319131,0.18184187146641712,0.38593104926206157,生态定向,0.06124273056985152,2467.730576449724,-222.87265615342298,-325.269589168119,2431212.4978270736,-2757.507438464404,-1814.3689800645966,-2.5277643052194336,24.16,0.8160000000000001,1.2,0.8880296296296297
build3,0.3,0.43704043426230543,0.02946049415962639,0.31391533719399445,生态定向,0.12312509706831098,2672.917933565584,18.184390200815308,-283.19053667032944,2742086.9914572975,-3158.7501759536563,-911.3700980553078,-2.665532650372487,22.64,0.9146666666666666,0.0,0.9985777777777779
build3,0.5,0.590227389502051,0.055430694305951246,0.3576613973514218,就业定向,0.23256599215062923,57.99600653135811,3782.4578806469153,1892.6907176036445,2942246.9576805583,-3310.6331422341514,-14520.470781297186,-3.106634505463249,28.24,0.7973333333333333,0.0,0.9989037037037036
build3,0.7,0.5167578176194021,0.1625519421026997,0.4785511848695846,就业定向,0.038206632749817504,0.0,3312.7921432025732,1679.7115524731707,2749653.642526937,-2952.3959044509625,-15420.64986846573,-4.055019599490055,33.519999999999996,0.5599999999999999,0.0,0.9644740740740743
build3,0.85,0.5832458663465996,0.05211224270901176,0.5607562403819354,就业定向,0.022489625964664195,0.0,3683.5593849590177,1864.7711930571136,2805796.336877505,-3199.7944604297554,-15678.128425474479,-2.824855139355698,27.880000000000003,0.7653333333333333,0.0,0.9972148148148147
build3,1.0,0.5492092520211024,0.1340765825666385,0.6366378300856436,就业定向,-0.08742857806454118,0.0,3366.2931091866435,1699.9259879109952,2540622.1050999127,-2922.5508325993083,-16093.566807797464,-3.1226022610672994,26.28,0.7146666666666667,0.0,0.9775703703703703
