uid,通道,格数,row,col,压力,距路m
1,P1 产业拆除重建,12,26.666666666666668,27.25,2.4187168248917166,50.2820930480957
2,P1 产业拆除重建,20,35.55,26.8,2.0774406066572,34.21780776977539
3,P1 产业拆除重建,17,31.352941176470587,23.941176470588236,1.9052551395851978,101.80139923095703
4,P1 产业拆除重建,10,31.8,27.3,2.1931534773107932,42.95402145385742
5,P1 产业拆除重建,11,29.454545454545453,29.0,1.7821055116601086,91.69194793701172
6,P1 产业拆除重建,9,26.11111111111111,24.555555555555557,1.9253746577214328,148.9073028564453
7,P1 产业拆除重建,12,22.75,25.75,2.0169659365349957,130.2783660888672
8,P1 产业拆除重建,10,20.7,31.2,2.0518858427599094,29.850223541259766
9,P1 产业拆除重建,6,23.0,28.666666666666668,2.3610505374473747,29.528852462768555
10,P1 产业拆除重建,10,25.5,30.2,1.7203344772145623,49.308074951171875
11,P1 产业拆除重建,14,30.857142857142858,40.57142857142857,2.0032310172548646,30.478191375732422
12,P1 产业拆除重建,11,32.90909090909091,42.81818181818182,2.5042869672969683,29.742534637451172
13,P1 产业拆除重建,9,32.333333333333336,46.0,2.4517224277562932,32.790565490722656
14,P1 产业拆除重建,17,36.23529411764706,42.94117647058823,2.103172883442666,26.99136734008789
15,P1 产业拆除重建,13,29.53846153846154,44.69230769230769,2.3411112781797696,38.86082077026367
16,P1 产业拆除重建,11,26.09090909090909,35.63636363636363,1.4504282726222133,52.941287994384766
17,P1 产业拆除重建,11,25.727272727272727,43.18181818181818,1.69848438260957,50.77920150756836
18,P1 产业拆除重建,12,26.0,39.5,1.7821713499600398,32.51455307006836
19,P1 产业拆除重建,28,28.107142857142858,115.78571428571429,1.6361264878614568,56.52048873901367
20,P1 产业拆除重建,10,28.5,49.5,2.239118585212715,34.11063003540039
21,P1 产业拆除重建,2,34.0,31.5,1.5935284017209144,26.84378433227539
22,P1 产业拆除重建,13,39.38461538461539,109.23076923076923,1.9938362506149827,33.11267852783203
23,P1 产业拆除重建,20,46.85,99.9,2.3925249034853433,32.387996673583984
24,P1 产业拆除重建,20,48.65,104.95,1.9299114222149913,53.04475021362305
25,P1 产业拆除重建,13,46.0,110.46153846153847,1.8802232027664725,31.595136642456055
26,P1 产业拆除重建,11,43.45454545454545,107.81818181818181,1.9786598199060916,34.163185119628906
27,P1 产业拆除重建,14,42.357142857142854,100.57142857142857,2.2798939632598514,35.595855712890625
28,P1 产业拆除重建,8,40.0,105.75,1.4181009146056955,35.850547790527344
29,P1 产业拆除重建,7,39.142857142857146,98.42857142857143,2.421852389939866,33.317970275878906
30,P1 产业拆除重建,9,36.44444444444444,111.88888888888889,1.648872822101028,25.868343353271484
31,P1 产业拆除重建,6,41.166666666666664,97.0,2.4048842725337427,47.61966323852539
32,P1 产业拆除重建,13,37.76923076923077,53.84615384615385,2.1194520949707982,37.583492279052734
33,P1 产业拆除重建,15,41.06666666666667,55.2,1.9444041386077286,25.078832626342773
34,P1 产业拆除重建,11,39.72727272727273,51.09090909090909,2.0438136987635476,36.34223937988281
35,P1 产业拆除重建,2,36.0,58.5,1.504967319463698,49.31929016113281
36,P1 产业拆除重建,1,39.0,92.0,2.1148180166638157,72.74967956542969
37,P1 产业拆除重建,11,47.36363636363637,26.454545454545453,2.4087512006278824,28.221111297607422
38,P1 产业拆除重建,8,47.375,22.875,1.727603588397504,35.891204833984375
39,P1 产业拆除重建,19,51.68421052631579,21.68421052631579,1.965761359109503,33.50834274291992
40,P1 产业拆除重建,11,42.09090909090909,29.636363636363637,1.7667130405584575,31.960474014282227
41,P1 产业拆除重建,15,41.8,33.53333333333333,1.8858316806301034,30.466806411743164
42,P1 产业拆除重建,9,44.333333333333336,27.555555555555557,2.005270393753393,27.498783111572266
43,P1 产业拆除重建,20,45.3,40.75,2.100318866822012,33.348350524902344
44,P1 产业拆除重建,7,44.42857142857143,91.71428571428571,1.8796130081567775,45.775814056396484
45,P1 产业拆除重建,20,48.05,45.6,2.1324074000513353,30.00209617614746
46,P1 产业拆除重建,13,47.0,87.0,1.4730451163344855,43.17587661743164
47,P1 产业拆除重建,10,50.0,78.5,1.913870658585133,28.580142974853516
48,P1 产业拆除重建,10,51.5,84.8,2.1266062057040545,30.272293090820312
49,P1 产业拆除重建,11,47.81818181818182,82.0909090909091,1.6982903454466458,31.897186279296875
50,P1 产业拆除重建,10,48.7,53.1,1.3762033923217196,28.12221336364746
51,P1 产业拆除重建,10,58.2,57.3,2.019615908566647,71.64588165283203
52,P1 产业拆除重建,11,53.18181818181818,57.09090909090909,1.724633954567775,27.5175838470459
53,P1 产业拆除重建,11,51.27272727272727,54.36363636363637,2.092109025632268,24.089815139770508
54,P1 产业拆除重建,6,54.833333333333336,15.333333333333334,2.0739256770455783,17.907705307006836
55,P1 产业拆除重建,14,51.285714285714285,6.642857142857143,1.3881279183092976,50.272945404052734
56,P1 产业拆除重建,14,55.857142857142854,7.285714285714286,1.756074306232587,41.109375
57,P1 产业拆除重建,12,54.166666666666664,12.666666666666666,2.1950801790754872,32.41432571411133
58,P1 产业拆除重建,8,54.625,10.375,2.187220483682869,43.309532165527344
59,P1 产业拆除重建,16,49.5,12.625,1.4393736598193534,78.70822143554688
60,P1 产业拆除重建,13,61.46153846153846,2.076923076923077,1.6666978757073214,25.053022384643555
61,P1 产业拆除重建,13,61.53846153846154,15.923076923076923,2.388605390190519,45.647220611572266
62,P1 产业拆除重建,14,64.71428571428571,9.5,1.517327282661262,46.2972297668457
63,P1 产业拆除重建,12,63.5,13.5,2.147937751661901,39.696590423583984
64,P1 产业拆除重建,5,64.0,18.6,1.9837056877528039,32.164306640625
65,P1 产业拆除重建,14,60.785714285714285,10.928571428571429,2.189559370077245,34.328372955322266
66,P1 产业拆除重建,2,59.5,85.5,1.2674054062645475,28.849124908447266
67,P1 产业拆除重建,4,61.0,35.0,2.4791331678919413,28.600154876708984
68,P1 产业拆除重建,9,68.44444444444444,29.333333333333332,2.4506366641664465,25.74945831298828
69,P1 产业拆除重建,18,68.38888888888889,40.833333333333336,2.357923892400393,35.42451858520508
70,P1 产业拆除重建,16,71.5625,21.5625,1.9814576256527827,28.392324447631836
71,P1 产业拆除重建,12,68.41666666666667,32.0,2.345758515691539,27.81111717224121
72,P1 产业拆除重建,18,64.94444444444444,33.72222222222222,2.4300478282574267,54.56364822387695
73,P1 产业拆除重建,17,68.47058823529412,36.0,2.3289901888550557,32.51520919799805
74,P1 产业拆除重建,7,67.28571428571429,24.428571428571427,2.392211388056815,22.63456153869629
75,P1 产业拆除重建,15,72.6,30.466666666666665,1.8339320157829857,22.243051528930664
76,P1 产业拆除重建,5,72.6,25.2,2.0368317800066356,25.655319213867188
77,P1 产业拆除重建,16,63.625,27.0625,2.2861105391175043,22.860244750976562
78,P1 产业拆除重建,9,70.0,26.0,2.4565135616898903,29.68939208984375
79,P1 产业拆除重建,8,66.875,26.875,2.4381023194947415,20.310840606689453
80,P1 产业拆除重建,6,63.833333333333336,71.66666666666667,2.0048541215370195,27.768211364746094
81,P1 产业拆除重建,11,67.63636363636364,17.09090909090909,1.6064358710272482,21.657127380371094
82,P1 产业拆除重建,1,68.0,20.0,2.1791826287663243,31.08855438232422
83,P1 产业拆除重建,9,71.11111111111111,46.888888888888886,1.9078488105540952,28.60594367980957
84,P1 产业拆除重建,29,75.44827586206897,57.10344827586207,2.1428316609553035,30.584749221801758
85,P1 产业拆除重建,13,87.53846153846153,79.3076923076923,1.758522819046159,56.75670623779297
86,P1 产业拆除重建,14,74.57142857142857,73.85714285714286,1.9571185863076974,60.32530975341797
87,P1 产业拆除重建,9,84.44444444444444,81.0,2.092304308772836,48.602882385253906
88,P1 产业拆除重建,11,82.54545454545455,77.18181818181819,2.088694944391151,45.30724334716797
89,P1 产业拆除重建,12,82.58333333333333,83.75,2.1457854515293575,110.78426361083984
90,P1 产业拆除重建,15,81.8,73.66666666666667,2.2074746571228396,36.007530212402344
91,P1 产业拆除重建,14,76.14285714285714,69.0,1.8757492631864403,58.23308563232422
92,P1 产业拆除重建,12,73.08333333333333,71.66666666666667,2.3134146701872456,54.55411911010742
93,P1 产业拆除重建,13,72.46153846153847,68.38461538461539,1.88162882557487,68.2131576538086
94,P1 产业拆除重建,9,78.0,73.66666666666667,2.1739963479094375,42.18927764892578
95,P1 产业拆除重建,10,80.2,71.0,1.817762637744341,62.90995407104492
96,P1 产业拆除重建,12,85.33333333333333,75.5,1.7567283343404625,37.36725997924805
97,P1 产业拆除重建,13,79.84615384615384,80.46153846153847,2.0035590304759165,75.06951904296875
98,P1 产业拆除重建,10,78.7,77.7,1.8581269195762296,64.6612548828125
99,P1 产业拆除重建,14,86.71428571428571,83.21428571428571,1.9571249640046884,60.32117462158203
100,P1 产业拆除重建,3,73.0,7.0,0.6128708298214791,69.18839263916016
101,P1 产业拆除重建,1,72.0,35.0,1.2328650566485515,16.358732223510742
102,P1 产业拆除重建,2,74.0,34.5,0.7576491950891778,10.325302124023438
103,P1 产业拆除重建,14,75.85714285714286,44.214285714285715,2.329034033690704,28.679973602294922
104,P1 产业拆除重建,6,78.66666666666667,49.5,1.9734683837558311,36.46745681762695
105,P1 产业拆除重建,12,79.91666666666667,46.416666666666664,2.3297813227112587,32.34477615356445
106,P1 产业拆除重建,6,78.0,63.5,1.1732808308085643,89.77294158935547
107,P1 产业拆除重建,8,85.375,16.75,2.2812191412207516,17.314495086669922
108,P1 产业拆除重建,10,78.4,13.0,0.7510914447581979,49.41716384887695
109,P1 产业拆除重建,12,86.58333333333333,22.25,1.7617951265106688,34.08768081665039
110,P1 产业拆除重建,9,87.44444444444444,18.666666666666668,2.0992355673453087,44.11652755737305
111,P1 产业拆除重建,11,83.54545454545455,20.727272727272727,1.9745006738331936,30.5194149017334
112,P1 产业拆除重建,16,81.0625,17.625,1.6920407911822095,28.418498992919922
113,P1 产业拆除重建,3,78.33333333333333,92.66666666666667,2.5317998192865994,11.934329986572266
114,P1 产业拆除重建,7,84.71428571428571,13.428571428571429,1.2542516598035311,102.0794906616211
115,P1 产业拆除重建,12,84.41666666666667,41.166666666666664,1.4554035126516531,29.12941551208496
116,P1 产业拆除重建,26,89.15384615384616,57.92307692307692,1.912451815034585,37.54017639160156
117,P1 产业拆除重建,9,89.33333333333333,69.44444444444444,1.8311227179093583,39.5490837097168
118,P1 产业拆除重建,13,91.0,44.15384615384615,1.8382724072545271,37.3040657043457
119,P1 产业拆除重建,9,95.0,39.0,1.2714744475167352,61.06263732910156
120,P1 产业拆除重建,10,94.5,42.0,1.615502218025671,26.55973243713379
121,P1 产业拆除重建,12,99.66666666666667,65.5,2.2279943522415206,63.38095474243164
122,P1 产业拆除重建,14,99.5,69.85714285714286,2.409857521952836,90.86372375488281
123,P1 产业拆除重建,11,102.45454545454545,71.18181818181819,2.2498536781325384,67.71170043945312
124,P1 产业拆除重建,16,102.6875,67.1875,2.0517813247995225,139.68679809570312
125,P1 产业拆除重建,13,100.23076923076923,74.38461538461539,1.966026459918224,115.44650268554688
126,P1 产业拆除重建,12,96.16666666666667,71.0,2.2567313378367775,126.09072875976562
127,P1 产业拆除重建,12,98.25,63.083333333333336,1.4397589079996795,68.2950668334961
128,P1 产业拆除重建,11,96.45454545454545,67.54545454545455,2.0813124170590283,43.74985122680664
129,P1 产业拆除重建,11,93.36363636363636,72.54545454545455,1.585753472794785,92.06698608398438
130,P1 产业拆除重建,11,96.9090909090909,74.18181818181819,1.7568250150459794,120.7269515991211
131,P1 产业拆除重建,21,94.71428571428571,49.904761904761905,1.7471016416480016,28.66375732421875
132,P1 产业拆除重建,15,98.6,100.26666666666667,1.5294487791696505,56.70470428466797
133,P1 产业拆除重建,12,102.5,101.0,1.7585094055641246,82.67745971679688
134,P1 产业拆除重建,5,102.8,98.6,1.3981428387234076,76.64656829833984
135,P1 产业拆除重建,10,106.3,87.3,1.8989532908883706,38.23564529418945
136,P1 产业拆除重建,10,107.9,95.0,1.9602512469948508,54.315101623535156
137,P1 产业拆除重建,15,110.73333333333333,92.93333333333334,1.7246955871442584,102.24091339111328
138,P1 产业拆除重建,13,105.23076923076923,93.53846153846153,2.0275430213937433,38.10097122192383
139,P1 产业拆除重建,13,107.76923076923077,90.3076923076923,2.1731272499095096,40.36909484863281
140,P1 产业拆除重建,10,103.9,89.8,2.3471250145088973,40.86553192138672
141,P1 产业拆除重建,9,102.11111111111111,83.22222222222223,1.6496650501993309,48.58711242675781
142,P1 产业拆除重建,14,102.5,86.5,2.196210648660149,79.80503845214844
143,P1 产业拆除重建,10,99.6,85.0,1.9835325031036848,53.184776306152344
144,P1 产业拆除重建,14,105.28571428571429,157.0,0.38065260506426085,632.68505859375
145,P1 产业拆除重建,6,107.5,59.0,0.7743619171435313,80.81796264648438
146,P1 产业拆除重建,7,116.85714285714286,91.85714285714286,1.527647327981084,44.595577239990234
147,P1 产业拆除重建,15,118.4,63.93333333333333,2.2409091534443957,51.536861419677734
148,P1 产业拆除重建,12,125.75,94.75,1.751153553200847,93.24655151367188
149,P1 产业拆除重建,9,127.33333333333333,77.88888888888889,1.9722576513694234,56.610721588134766
150,P1 产业拆除重建,10,122.8,90.1,2.440324563002521,71.14338684082031
151,P1 产业拆除重建,13,114.53846153846153,70.15384615384616,2.2058792241988145,67.41989135742188
152,P1 产业拆除重建,16,112.3125,74.375,2.031644629914419,56.890625
153,P1 产业拆除重建,13,109.84615384615384,78.15384615384616,2.349780442784388,38.61064147949219
154,P1 产业拆除重建,12,106.75,68.08333333333333,1.850803011390729,81.0175552368164
155,P1 产业拆除重建,14,114.78571428571429,85.28571428571429,2.2879805616032294,70.18712615966797
156,P1 产业拆除重建,9,120.0,86.0,2.2368198786070566,63.47632598876953
157,P1 产业拆除重建,15,127.86666666666666,86.53333333333333,2.028140025315891,73.09793853759766
158,P1 产业拆除重建,12,118.0,68.5,2.1862680626159405,49.733882904052734
159,P1 产业拆除重建,14,114.5,66.64285714285714,2.4439992718949424,63.78664016723633
160,P1 产业拆除重建,16,124.5,82.5,2.465386478817398,54.92158508300781
161,P1 产业拆除重建,10,115.2,62.9,2.2431683691552315,87.24497985839844
162,P1 产业拆除重建,15,122.33333333333333,96.46666666666667,1.8290781192305703,113.66460418701172
163,P1 产业拆除重建,11,112.81818181818181,81.36363636363636,2.3899497793612965,59.39826965332031
164,P1 产业拆除重建,12,128.0,82.5,1.8911743368770162,89.73377227783203
165,P1 产业拆除重建,8,110.125,71.625,1.7946807175430441,44.74524688720703
166,P1 产业拆除重建,18,126.83333333333333,90.16666666666667,2.034834550050318,85.80125427246094
167,P1 产业拆除重建,13,115.76923076923077,88.76923076923077,1.9386907978139722,47.36210250854492
168,P1 产业拆除重建,11,123.36363636363636,92.9090909090909,2.427215425207333,79.62850952148438
169,P1 产业拆除重建,9,118.33333333333333,72.33333333333333,1.8197368110070211,62.40650177001953
170,P1 产业拆除重建,14,119.71428571428571,93.07142857142857,2.09411450215971,51.303131103515625
171,P1 产业拆除重建,10,120.2,88.9,2.2153879521764503,70.37908935546875
172,P1 产业拆除重建,9,119.88888888888889,60.111111111111114,1.4714621388193205,86.49376678466797
173,P1 产业拆除重建,9,115.0,60.0,1.5805406189541873,77.84146118164062
174,P1 产业拆除重建,12,123.58333333333333,86.75,2.464332532103791,55.60378646850586
175,P1 产业拆除重建,11,107.27272727272727,63.36363636363637,1.7052595657044514,52.72970199584961
176,P1 产业拆除重建,12,113.75,77.08333333333333,2.159830414354888,55.23036575317383
177,P1 产业拆除重建,9,111.77777777777777,63.111111111111114,2.181552602988059,45.04219055175781
178,P1 产业拆除重建,11,124.0909090909091,78.63636363636364,2.3170084754337137,43.25216293334961
179,P1 产业拆除重建,12,110.5,84.5,1.941538032125443,68.75072479248047
180,P1 产业拆除重建,11,112.18181818181819,51.09090909090909,2.379933680067214,27.866167068481445
181,P1 产业拆除重建,9,108.33333333333333,50.55555555555556,2.0889340527138494,35.29669189453125
182,P1 产业拆除重建,14,109.71428571428571,47.5,2.1681962596635893,28.243295669555664
183,P1 产业拆除重建,12,109.08333333333333,53.25,1.7807197999090045,21.838346481323242
184,P1 产业拆除重建,8,114.25,42.625,2.0779362755307123,26.92748260498047
185,P1 产业拆除重建,21,121.47619047619048,40.57142857142857,2.374201815013462,24.33523178100586
186,P1 产业拆除重建,8,115.75,40.625,2.4493333083879985,21.75318717956543
187,P1 产业拆除重建,11,118.36363636363636,42.63636363636363,2.4996818548695376,20.051544189453125
188,P1 产业拆除重建,12,114.41666666666667,36.916666666666664,2.1820309580984896,46.668548583984375
189,P1 产业拆除重建,14,109.14285714285714,37.07142857142857,1.6693525259247826,32.52523422241211
190,P1 产业拆除重建,10,108.8,41.5,1.645641718299321,41.898681640625
191,P1 产业拆除重建,11,111.63636363636364,40.45454545454545,2.2559893846703747,19.38916778564453
192,P1 产业拆除重建,9,109.55555555555556,126.66666666666667,0.59871966393588,140.29872131347656
193,P1 产业拆除重建,21,109.95238095238095,138.1904761904762,1.3353573640896472,52.901153564453125
194,P1 产业拆除重建,10,116.9,99.0,1.6192018082901385,52.04294967651367
195,P1 产业拆除重建,20,110.5,100.0,1.9841131434276265,42.35477066040039
196,P1 产业拆除重建,9,117.22222222222223,101.55555555555556,1.3696561161839376,36.23196029663086
197,P1 产业拆除重建,15,113.93333333333334,99.66666666666667,2.0079189138910656,44.36970901489258
198,P1 产业拆除重建,2,112.0,142.5,0.5263861703615211,55.47262954711914
199,P1 产业拆除重建,14,116.21428571428571,130.71428571428572,1.2331140481249945,205.36849975585938
200,P1 产业拆除重建,12,120.75,130.75,0.06582989521421756,649.7778930664062
201,P1 产业拆除重建,7,115.0,134.28571428571428,1.1853218236513807,106.8701171875
202,P1 产业拆除重建,1,116.0,52.0,1.9492033744673793,40.557621002197266
203,P1 产业拆除重建,13,121.6923076923077,35.46153846153846,1.918612760307454,44.274635314941406
204,P1 产业拆除重建,12,120.91666666666667,50.666666666666664,1.910307466968139,19.270700454711914
205,P1 产业拆除重建,6,120.5,46.0,1.9634410266896951,31.34210777282715
206,P1 产业拆除重建,8,123.0,73.75,2.245222929062801,31.901866912841797
207,P1 产业拆除重建,10,127.3,69.8,2.000631789347325,35.14749526977539
208,P1 产业拆除重建,13,125.6923076923077,73.07692307692308,2.2702905233582147,36.45074462890625
209,P1 产业拆除重建,13,123.84615384615384,69.0,2.13181695473519,29.58009910583496
210,P1 产业拆除重建,6,133.16666666666666,52.333333333333336,1.6555917883820344,44.75096130371094
211,P1 产业拆除重建,15,125.6,52.4,2.060365244477279,29.008054733276367
212,P1 产业拆除重建,11,129.27272727272728,52.09090909090909,2.215424713173214,39.30953598022461
213,P1 产业拆除重建,14,126.5,48.714285714285715,2.19030535041192,43.80187225341797
214,P1 产业拆除重建,17,127.52941176470588,59.529411764705884,1.481150890824144,48.33613967895508
215,P1 产业拆除重建,1,128.0,35.0,2.1808533469593785,30.007165908813477
216,P1 产业拆除重建,6,130.33333333333334,46.166666666666664,2.0733926606464945,29.868431091308594
217,P1 产业拆除重建,3,130.33333333333334,37.0,2.0446289727885856,25.254730224609375
218,P2 旧居住通道,1,27.0,116.0,2.1732131043827794,34.952476501464844
219,P2 旧居住通道,1,28.0,42.0,2.4153479511232825,17.615318298339844
220,P2 旧居住通道,24,35.125,47.666666666666664,2.0427061617175073,26.49932098388672
221,P2 旧居住通道,14,34.92857142857143,33.785714285714285,1.5512366042910668,19.370624542236328
222,P2 旧居住通道,10,35.5,39.2,1.8511393467445802,20.39789390563965
223,P2 旧居住通道,3,34.333333333333336,51.666666666666664,1.2202756616023176,24.507421493530273
224,P2 旧居住通道,17,38.0,22.176470588235293,1.6548798972348688,140.87091064453125
225,P2 旧居住通道,1,36.0,92.0,1.3331230382139174,21.15947723388672
226,P2 旧居住通道,1,40.0,54.0,2.408689933487937,21.924854278564453
227,P2 旧居住通道,13,53.0,28.23076923076923,2.3657468223698093,22.915000915527344
228,P2 旧居住通道,12,55.25,42.75,2.18214991779466,23.360021591186523
229,P2 旧居住通道,11,54.27272727272727,31.0,2.3304867393079514,28.192232131958008
230,P2 旧居住通道,16,50.4375,36.625,2.24043881510266,30.642562866210938
231,P2 旧居住通道,16,49.5625,41.875,2.241092620547279,17.15164566040039
232,P2 旧居住通道,8,58.75,30.125,2.4614479007481878,57.470916748046875
233,P2 旧居住通道,7,50.285714285714285,25.285714285714285,2.395027186513537,30.768373489379883
234,P2 旧居住通道,7,58.714285714285715,27.428571428571427,2.0967426792991675,24.71108627319336
235,P2 旧居住通道,8,61.5,29.0,2.4638430179383244,47.208805084228516
236,P2 旧居住通道,21,46.857142857142854,32.57142857142857,2.101716623042332,48.04191970825195
237,P2 旧居住通道,11,53.63636363636363,38.09090909090909,2.397263317705469,22.985111236572266
238,P2 旧居住通道,4,44.25,45.75,2.099431073892967,13.014616012573242
239,P2 旧居住通道,22,46.95454545454545,95.27272727272727,2.0477084266101317,30.653364181518555
240,P2 旧居住通道,10,44.8,103.7,2.116707103180452,29.7102108001709
241,P2 旧居住通道,3,45.666666666666664,50.666666666666664,0.8993536147110799,46.37782669067383
242,P2 旧居住通道,1,46.0,108.0,2.39240731544213,32.464149475097656
243,P2 旧居住通道,12,50.333333333333336,47.5,1.771752947619337,21.83441162109375
244,P2 旧居住通道,4,51.0,71.25,0.8024403012206216,51.027992248535156
245,P2 旧居住通道,5,52.2,15.2,1.5730268525511721,47.08324432373047
246,P2 旧居住通道,24,53.541666666666664,78.08333333333333,2.266011466090468,24.25398063659668
247,P2 旧居住通道,3,52.666666666666664,52.333333333333336,1.7695798724775982,17.433082580566406
248,P2 旧居住通道,22,57.13636363636363,53.86363636363637,2.035110297282276,35.63978958129883
249,P2 旧居住通道,24,56.75,83.91666666666667,1.7532402326538865,51.24074935913086
250,P2 旧居住通道,23,57.47826086956522,21.08695652173913,2.0540015095292254,24.238523483276367
251,P2 旧居住通道,14,58.285714285714285,15.142857142857142,2.451082872283524,24.35440444946289
252,P2 旧居住通道,7,58.142857142857146,34.857142857142854,2.3361498695465888,29.052289962768555
253,P2 旧居住通道,8,58.625,39.875,2.1067694757536537,25.688325881958008
254,P2 旧居住通道,11,58.45454545454545,77.63636363636364,1.8203404543348292,123.9665298461914
255,P2 旧居住通道,11,57.90909090909091,73.36363636363636,1.8244770769659617,83.27378845214844
256,P2 旧居住通道,10,60.2,75.5,1.601102962209652,119.51338195800781
257,P2 旧居住通道,3,58.0,67.0,0.7894087024186728,71.07868194580078
258,P2 旧居住通道,6,61.666666666666664,33.833333333333336,2.4994715315261824,32.85942840576172
259,P2 旧居住通道,14,61.142857142857146,68.35714285714286,1.6446595001163042,53.4864387512207
260,P2 旧居住通道,6,61.833333333333336,46.166666666666664,1.425125053151227,19.688295364379883
261,P2 旧居住通道,26,65.42307692307692,56.23076923076923,1.6815733673570452,47.59130096435547
262,P2 旧居住通道,3,62.666666666666664,91.33333333333333,1.3166344463839819,31.832000732421875
263,P2 旧居住通道,2,63.0,1.5,2.1833833499242967,63.21685028076172
264,P2 旧居住通道,2,63.5,20.0,1.6784080273063606,41.59844970703125
265,P2 旧居住通道,7,63.857142857142854,95.57142857142857,1.768631881711966,28.00306510925293
266,P2 旧居住通道,1,64.0,31.0,2.446812933897907,66.94368743896484
267,P2 旧居住通道,5,65.2,41.2,2.2843752550307865,32.69525909423828
268,P2 旧居住通道,18,68.11111111111111,50.111111111111114,1.954236179365647,33.42815399169922
269,P2 旧居住通道,18,67.33333333333333,68.16666666666667,1.8798648594829102,31.23138427734375
270,P2 旧居住通道,2,65.0,1.5,1.7890088098598689,74.55196380615234
271,P2 旧居住通道,15,67.13333333333334,21.666666666666668,2.2182398035867354,33.685890197753906
272,P2 旧居住通道,12,67.33333333333333,88.25,1.5290542716731708,33.72854995727539
273,P2 旧居住通道,9,67.66666666666667,3.3333333333333335,0.8818900399042308,57.68146514892578
274,P2 旧居住通道,4,68.0,46.5,1.810316477578811,25.912874221801758
275,P2 旧居住通道,9,79.22222222222223,98.44444444444444,1.6085093087549223,28.762868881225586
276,P2 旧居住通道,21,87.47619047619048,88.0,1.9562481501451112,32.67899703979492
277,P2 旧居住通道,16,87.5625,95.4375,1.4797979459729798,83.03422546386719
278,P2 旧居住通道,11,83.72727272727273,98.0,2.104458962064624,47.77544021606445
279,P2 旧居住通道,10,83.4,90.9,2.328105749037292,25.298301696777344
280,P2 旧居住通道,12,71.16666666666667,97.5,1.4682984243426647,32.398681640625
281,P2 旧居住通道,7,79.14285714285714,94.0,2.410099980345467,40.92496109008789
282,P2 旧居住通道,9,74.44444444444444,98.33333333333333,1.4304309330031737,35.61357116699219
283,P2 旧居住通道,10,69.0,95.4,1.6876563029890115,28.64286231994629
284,P2 旧居住通道,11,82.0,94.63636363636364,2.1102879254888163,24.99492645263672
285,P2 旧居住通道,9,69.66666666666667,75.11111111111111,1.5647691260549075,33.84297180175781
286,P2 旧居住通道,24,72.125,89.25,1.8445498547374912,29.890167236328125
287,P2 旧居住通道,12,72.83333333333333,41.5,1.8284837081893226,25.769582748413086
288,P2 旧居住通道,8,73.25,55.75,2.048057089695153,20.13188934326172
289,P2 旧居住通道,9,73.0,78.0,1.2312028267339072,71.6414794921875
290,P2 旧居住通道,2,73.5,21.0,1.3227739433462113,27.858097076416016
291,P2 旧居住通道,1,73.0,27.0,1.845865680511114,37.75029754638672
292,P2 旧居住通道,2,73.0,50.5,1.0866470063804883,41.30645751953125
293,P2 旧居住通道,5,73.8,81.4,1.164374003067314,60.690757751464844
294,P2 旧居住通道,1,74.0,36.0,0.6893731529721139,19.670934677124023
295,P2 旧居住通道,3,74.66666666666667,86.0,2.030904887846122,10.90636920928955
296,P2 旧居住通道,3,76.33333333333333,45.666666666666664,2.045480719436066,47.93499755859375
297,P2 旧居住通道,14,78.07142857142857,84.71428571428571,1.943985211601492,29.000646591186523
298,P2 旧居住通道,10,78.9,41.6,2.270715550181342,48.506229400634766
299,P2 旧居住通道,3,77.33333333333333,89.66666666666667,2.531711286520893,11.991625785827637
300,P2 旧居住通道,1,78.0,52.0,2.05333196245517,42.85313415527344
301,P2 旧居住通道,9,79.11111111111111,55.888888888888886,2.2523941534000946,22.42023277282715
302,P2 旧居住通道,11,88.0909090909091,53.90909090909091,2.371556487695172,20.616718292236328
303,P2 旧居住通道,17,83.11764705882354,49.294117647058826,2.26836894150421,26.65691375732422
304,P2 旧居住通道,12,91.83333333333333,50.333333333333336,2.1054691308891265,26.530014038085938
305,P2 旧居住通道,9,91.55555555555556,53.666666666666664,2.018877629585383,26.43509292602539
306,P2 旧居住通道,13,87.38461538461539,48.69230769230769,2.212810593894676,30.766706466674805
307,P2 旧居住通道,13,84.15384615384616,53.53846153846154,2.163104732330245,25.41187286376953
308,P2 旧居住通道,8,87.125,64.875,2.0017110348166662,58.842018127441406
309,P2 旧居住通道,3,87.66666666666667,44.666666666666664,1.4001167838765334,24.25957679748535
310,P2 旧居住通道,1,92.0,47.0,1.8717049496723384,21.025327682495117
311,P2 旧居住通道,3,96.0,56.0,1.0866045281369783,41.33390426635742
312,P2 旧居住通道,10,97.9,82.2,1.637187892438747,33.4316291809082
313,P2 旧居住通道,23,99.52173913043478,91.17391304347827,1.751046834312925,35.489349365234375
314,P2 旧居住通道,2,99.5,145.5,-0.6181036665015075,447.7916259765625
315,P2 旧居住通道,11,102.72727272727273,77.54545454545455,1.616591670401712,34.091182708740234
316,P2 旧居住通道,12,106.25,77.16666666666667,1.9180253101342861,43.314579010009766
317,P2 旧居住通道,15,107.06666666666666,81.26666666666667,1.9396122711220096,51.41197967529297
318,P2 旧居住通道,12,105.0,147.83333333333334,0.6314531307218988,132.66311645507812
319,P2 旧居住通道,12,106.16666666666667,72.0,1.7262837647659746,39.649417877197266
320,P2 旧居住通道,17,106.76470588235294,99.94117647058823,1.7903775279728402,57.26728057861328
321,P2 旧居住通道,4,108.5,44.5,1.7069694107921547,23.11158561706543
322,P2 旧居住通道,18,110.77777777777777,66.88888888888889,2.221580242091606,34.62126541137695
323,P2 旧居住通道,15,113.66666666666667,47.2,2.283906783881611,23.70587158203125
324,P2 旧居住通道,17,117.29411764705883,48.705882352941174,2.2709650901759253,57.773956298828125
325,P2 旧居住通道,8,113.75,53.125,1.7513397747230544,20.52752685546875
326,P2 旧居住通道,8,112.875,87.5,1.8815235902090963,32.09370422363281
327,P2 旧居住通道,12,121.25,77.33333333333333,1.9538228915200115,49.1833381652832
328,P2 旧居住通道,15,116.4,81.6,2.3368057186098548,68.45326232910156
329,P2 旧居住通道,7,121.14285714285714,73.28571428571429,2.054409786328705,32.199092864990234
330,P2 旧居住通道,16,120.8125,82.1875,2.3897184458400114,55.984092712402344
331,P2 旧居住通道,7,118.0,36.857142857142854,2.2371063496484203,23.465457916259766
332,P2 旧居住通道,12,122.83333333333333,63.0,1.791918133062057,37.8215446472168
333,P2 旧居住通道,10,127.5,62.2,2.0917407678838216,45.870140075683594
334,P2 旧居住通道,12,126.83333333333333,64.91666666666667,1.9307747408569718,52.48591995239258
335,P2 旧居住通道,3,121.66666666666667,67.66666666666667,1.6197783350873536,21.468765258789062
336,P2 旧居住通道,22,127.0,42.72727272727273,2.0532390879186058,74.59255981445312
337,P2 旧居住通道,7,127.28571428571429,55.42857142857143,1.3617244158827961,32.51581573486328
338,P2 旧居住通道,1,127.0,37.0,2.456538981413776,60.64833450317383
339,P2 旧居住通道,5,128.6,47.4,2.2190528886765044,19.220693588256836
340,P3 商服提升,4,35.5,36.5,1.611696404087934,15.084184646606445
341,P3 商服提升,1,37.0,31.0,1.2193316432383647,25.118408203125
342,P3 商服提升,3,38.333333333333336,47.666666666666664,1.5791162686983062,24.5565242767334
343,P3 商服提升,1,43.0,47.0,1.3192969659978835,30.108572006225586
344,P3 商服提升,1,44.0,98.0,2.5129037561177556,24.165210723876953
345,P3 商服提升,1,45.0,30.0,2.2032126585400365,15.534699440002441
346,P3 商服提升,1,46.0,32.0,2.1998216906941197,17.729515075683594
347,P3 商服提升,3,46.333333333333336,93.66666666666667,2.0698998284626566,32.129234313964844
348,P3 商服提升,1,49.0,27.0,2.376539307305381,42.734954833984375
349,P3 商服提升,1,51.0,34.0,2.1930702129757664,22.099523544311523
350,P3 商服提升,15,52.93333333333333,74.66666666666667,2.0629971566098115,18.011899948120117
351,P3 商服提升,1,52.0,11.0,1.8815522330356806,14.651581764221191
352,P3 商服提升,4,52.5,49.5,1.1963914722879796,22.54326629638672
353,P3 商服提升,2,53.5,32.0,2.1512735343001697,14.30591869354248
354,P3 商服提升,2,54.0,24.5,2.2407303197672075,26.097949981689453
355,P3 商服提升,14,56.642857142857146,37.57142857142857,2.328531647427266,29.005157470703125
356,P3 商服提升,1,55.0,76.0,2.53245378158086,11.511038780212402
357,P3 商服提升,2,57.0,11.5,2.4712997438668554,51.09416961669922
358,P3 商服提升,1,57.0,26.0,1.776225353269326,13.131718635559082
359,P3 商服提升,2,57.5,86.0,1.4329435514889544,26.243366241455078
360,P3 商服提升,1,58.0,9.0,2.0950649889596864,15.840618133544922
361,P3 商服提升,10,62.5,37.1,2.223490316271441,23.317943572998047
362,P3 商服提升,2,60.5,86.0,0.5680576532028482,133.04177856445312
363,P3 商服提升,1,61.0,41.0,1.6568315389174002,20.71698760986328
364,P3 商服提升,8,63.5,41.875,1.8829025376127793,22.489337921142578
365,P3 商服提升,4,63.25,47.25,2.02754592583127,24.696304321289062
366,P3 商服提升,4,62.5,50.5,1.3484804552675898,28.642724990844727
367,P3 商服提升,4,63.0,57.75,1.8692622591277057,40.030052185058594
368,P3 商服提升,2,64.0,22.5,1.5436828310241384,24.25994110107422
369,P3 商服提升,21,65.80952380952381,72.0952380952381,2.048699184877771,15.982643127441406
370,P3 商服提升,10,65.8,96.1,2.0710699124675784,24.40243911743164
371,P3 商服提升,2,66.0,1.5,1.5203328250531287,74.22090148925781
372,P3 商服提升,7,67.28571428571429,52.0,2.2052796353294952,24.153118133544922
373,P3 商服提升,2,67.0,91.5,1.5471809680213613,21.995708465576172
374,P3 商服提升,2,71.5,27.5,2.4698642311916252,17.175966262817383
375,P3 商服提升,1,71.0,82.0,1.3412757019216506,15.882472038269043
376,P3 商服提升,1,72.0,45.0,1.9960565591673916,10.231058120727539
377,P3 商服提升,3,72.66666666666667,83.66666666666667,1.7300172932342928,19.80918312072754
378,P3 商服提升,11,75.36363636363636,90.72727272727273,2.4122433087513344,13.289053916931152
379,P3 商服提升,1,74.0,56.0,2.174193183556821,34.317996978759766
380,P3 商服提升,1,74.0,86.0,1.9871462608199184,15.998383522033691
381,P3 商服提升,2,75.5,7.0,0.43850135681438673,112.35762023925781
382,P3 商服提升,3,78.0,60.0,1.2612913387542424,44.422306060791016
383,P3 商服提升,4,80.0,53.25,2.292897819203531,27.17885398864746
384,P3 商服提升,9,81.55555555555556,90.66666666666667,2.3946650226611723,15.51508903503418
385,P3 商服提升,2,80.5,51.0,2.3528800240117116,23.201644897460938
386,P3 商服提升,1,81.0,59.0,0.8905203292910167,28.863853454589844
387,P3 商服提升,1,83.0,52.0,2.3095933484260196,16.37234878540039
388,P3 商服提升,2,84.5,18.0,2.503917104220325,29.981985092163086
389,P3 商服提升,17,85.88235294117646,101.52941176470588,1.6098403523733573,26.534761428833008
390,P3 商服提升,1,85.0,47.0,1.8571180837703913,30.466943740844727
391,P3 商服提升,6,92.83333333333333,79.83333333333333,0.9616339560714353,40.91306686401367
392,P3 商服提升,2,93.0,56.5,1.7810698586059779,79.69060516357422
393,P3 商服提升,5,97.4,80.4,1.5958366321951847,32.31922912597656
394,P3 商服提升,5,97.4,87.2,1.3774307164048458,34.297264099121094
395,P3 商服提升,6,97.5,95.0,0.9129823477455501,25.940658569335938
396,P3 商服提升,3,103.66666666666667,63.666666666666664,1.1254453150002688,39.4250373840332
397,P3 商服提升,1,107.0,45.0,1.2379445048716655,13.070892333984375
398,P3 商服提升,2,108.0,144.5,0.8923647950235911,27.669960021972656
399,P3 商服提升,2,110.0,140.5,1.7758023037134927,48.25279235839844
400,P3 商服提升,2,112.5,112.0,0.5523235189657234,38.68421936035156
401,P3 商服提升,1,115.0,51.0,2.205253223553922,14.213861465454102
402,P3 商服提升,4,115.5,56.5,0.8012976289535243,138.88575744628906
403,P3 商服提升,5,116.8,78.8,1.8486628430439205,35.939796447753906
404,P3 商服提升,1,118.0,40.0,2.4242816144915076,11.832950592041016
405,P3 商服提升,2,118.0,45.5,2.455595147453298,26.411968231201172
406,P3 商服提升,11,119.72727272727273,53.27272727272727,1.8241708086615838,20.113351821899414
407,P3 商服提升,5,119.8,56.6,1.1486932339788625,126.5960693359375
408,P3 商服提升,1,120.0,49.0,2.1861395636952183,26.5855770111084
409,P3 商服提升,2,120.0,79.5,2.0693908842691346,32.458641052246094
410,P3 商服提升,1,121.0,71.0,1.7263528952882163,45.412628173828125
411,P3 商服提升,2,122.0,62.5,1.9947387246841903,45.931392669677734
412,P3 商服提升,1,124.0,50.0,1.6527830126303213,23.33745574951172
413,P3 商服提升,2,124.5,61.0,1.933015265175404,16.188425064086914
414,P3 商服提升,1,124.0,75.0,2.195551494733121,20.49352264404297
415,P3 商服提升,2,126.5,68.0,2.2267863197614854,35.123477935791016
416,P3 商服提升,5,129.0,43.0,1.8289044561352423,20.850923538208008
417,P3 商服提升,2,129.5,51.0,2.5231256844758336,17.548839569091797
418,P3 商服提升,1,130.0,53.0,1.8327713745189875,46.225852966308594
419,P3 商服提升,20,134.65,43.65,1.9351867618475758,63.56908416748047
420,P3 商服提升,8,142.75,48.75,0.3041249901780016,495.53704833984375
421,P3 商服提升,11,150.0909090909091,45.54545454545455,0.11650047776801489,624.9002075195312
422,P3 商服提升,16,146.0,47.375,0.3408475254310327,785.3932495117188
423,P5 农转用储备,18,31.666666666666668,91.44444444444444,-0.46436216367365624,263.0973815917969
424,P5 农转用储备,8,26.625,63.5,-1.2574024249646112,722.2001342773438
425,P5 农转用储备,6,33.5,66.5,-1.1769067209991857,670.097900390625
426,P5 农转用储备,14,29.714285714285715,73.5,-2.269990507644291,1377.6162109375
427,P5 农转用储备,11,24.727272727272727,97.27272727272727,-1.6340570681913646,965.996826171875
428,P5 农转用储备,17,21.294117647058822,85.88235294117646,-2.2632479055083365,1373.251953125
429,P5 农转用储备,14,18.642857142857142,64.71428571428571,-2.1045430639206124,1270.52734375
430,P5 农转用储备,13,15.538461538461538,74.07692307692308,-3.397183948747084,2185.35986328125
431,P5 农转用储备,9,8.222222222222221,94.88888888888889,-3.4587057356569213,2550.0673828125
432,P5 农转用储备,7,20.428571428571427,51.714285714285715,-0.8745076833272449,474.3645935058594
433,P5 农转用储备,16,24.0625,59.4375,-0.9450363833769455,520.015625
434,P5 农转用储备,12,33.5,60.833333333333336,0.02086685477182319,150.3639678955078
435,P5 农转用储备,11,24.0,53.0,-0.1280715917863101,212.97576904296875
436,P5 农转用储备,18,19.88888888888889,90.83333333333333,-2.3393397852314552,1422.5037841796875
437,P5 农转用储备,11,35.81818181818182,67.18181818181819,-1.2487413397328737,716.5941162109375
438,P5 农转用储备,12,20.583333333333332,78.5,-2.8513915563159227,1753.9385986328125
439,P5 农转用储备,14,28.214285714285715,86.14285714285714,-1.2361761694753641,708.4610595703125
440,P5 农转用储备,14,18.928571428571427,72.64285714285714,-3.0504753628193093,1882.7991943359375
441,P5 农转用储备,7,41.57142857142857,66.28571428571429,-0.9272179109955303,508.4822692871094
442,P5 农转用储备,12,14.833333333333334,87.41666666666667,-3.194611641221547,1976.0938720703125
443,P5 农转用储备,13,33.38461538461539,71.3076923076923,-1.8996729332585327,1137.92138671875
444,P5 农转用储备,12,22.666666666666668,76.08333333333333,-2.8548508807552895,1756.1776123046875
445,P5 农转用储备,12,29.75,69.58333333333333,-1.8280450726084947,1091.5589599609375
446,P5 农转用储备,11,23.0,70.0909090909091,-2.4066738393258276,1466.0870361328125
447,P5 农转用储备,14,26.0,79.14285714285714,-2.1608129011978887,1306.948974609375
448,P5 农转用储备,10,30.5,58.7,0.27908675698236507,131.90817260742188
449,P5 农转用储备,4,24.5,50.5,0.6214526916750787,63.63364028930664
450,P5 农转用储备,17,22.235294117647058,101.05882352941177,-2.0850454306898265,1257.9071044921875
451,P5 农转用储备,15,31.666666666666668,83.0,-1.152527136705063,654.3177490234375
452,P5 农转用储备,16,13.875,81.375,-3.414791462275688,2213.883056640625
453,P5 农转用储备,9,22.0,96.33333333333333,-2.0118404949240922,1210.52392578125
454,P5 农转用储备,18,16.555555555555557,69.16666666666667,-2.8256726852257756,1737.29150390625
455,P5 农转用储备,13,31.692307692307693,87.76923076923077,-0.6450018447583302,331.17388916015625
456,P5 农转用储备,17,15.823529411764707,98.94117647058823,-2.906168294403259,1789.3936767578125
457,P5 农转用储备,11,15.363636363636363,91.27272727272727,-3.020654663622952,1863.4971923828125
458,P5 农转用储备,9,20.0,55.0,-1.1224377386635918,634.8418579101562
459,P5 农转用储备,12,17.25,76.91666666666667,-3.378072969569071,2115.251220703125
460,P5 农转用储备,3,19.0,52.0,-1.0915175700717217,614.8281860351562
461,P5 农转用储备,11,22.727272727272727,73.0,-2.819065296016529,1733.0147705078125
462,P5 农转用储备,15,34.06666666666667,74.6,-1.7901291931205032,1067.0172119140625
463,P5 农转用储备,13,23.76923076923077,81.76923076923077,-2.1602663200553374,1306.59521484375
464,P5 农转用储备,12,28.083333333333332,61.083333333333336,-0.8274124769301695,443.8813781738281
465,P5 农转用储备,11,34.45454545454545,85.18181818181819,-0.6338034304470347,324.9002685546875
466,P5 农转用储备,12,11.833333333333334,86.83333333333333,-3.458705735656921,2281.689453125
467,P5 农转用储备,9,40.55555555555556,63.666666666666664,-0.6299766589320082,316.0874938964844
468,P5 农转用储备,10,25.8,99.7,-1.6177165453168794,955.4201049804688
469,P5 农转用储备,17,17.58823529411765,86.52941176470588,-2.7994098611734763,1720.29248046875
470,P5 农转用储备,14,20.357142857142858,67.71428571428571,-2.2927299095297324,1392.3345947265625
471,P5 农转用储备,11,31.181818181818183,62.81818181818182,-0.8088647560740374,431.8760681152344
472,P5 农转用储备,15,24.533333333333335,87.33333333333333,-1.725957461648488,1025.48095703125
473,P5 农转用储备,14,18.642857142857142,94.78571428571429,-2.4991186129441045,1525.923583984375
474,P5 农转用储备,10,11.6,90.1,-3.450191450569336,2249.944091796875
475,P5 农转用储备,9,26.77777777777778,71.22222222222223,-2.263794123252204,1373.6053466796875
476,P5 农转用储备,8,39.0,60.75,0.10828339187679059,117.0135498046875
477,P5 农转用储备,11,27.90909090909091,65.72727272727273,-1.4606353384966517,853.746337890625
478,P5 农转用储备,13,26.615384615384617,75.76923076923077,-2.492427531105811,1521.592529296875
479,P5 农转用储备,11,40.90909090909091,69.36363636363636,-1.3774937704644736,799.9314575195312
480,P5 农转用储备,10,24.1,93.7,-1.652594787332718,977.99560546875
481,P5 农转用储备,6,22.166666666666668,50.666666666666664,-0.5557011489613665,291.24285888671875
482,P5 农转用储备,12,24.416666666666668,67.16666666666667,-1.9090640320910055,1144.0
483,P5 农转用储备,13,26.615384615384617,56.61538461538461,0.016589166105708972,154.9197998046875
484,P5 农转用储备,15,18.6,101.86666666666666,-2.377613767438435,1447.277099609375
485,P5 农转用储备,14,29.714285714285715,77.78571428571429,-1.951858469016939,1171.699462890625
486,P5 农转用储备,9,18.333333333333332,81.33333333333333,-2.92458211625944,1801.3123779296875
487,P5 农转用储备,9,31.88888888888889,67.55555555555556,-1.4115930720699872,822.0029296875
488,P5 农转用储备,8,36.875,61.375,0.0037334810052205014,149.83807373046875
489,P5 农转用储备,15,27.6,82.6,-1.614275203598841,953.1925659179688
490,P5 农转用储备,13,8.615384615384615,91.61538461538461,-3.458705735656921,2531.049560546875
491,P5 农转用储备,12,26.416666666666668,90.75,-1.3479938295516416,780.837158203125
492,P5 农转用储备,12,28.5,95.41666666666667,-1.0089872957053827,561.4089965820312
493,P5 农转用储备,13,37.76923076923077,69.76923076923077,-1.6267771409026288,961.2846069335938
494,P5 农转用储备,12,32.333333333333336,78.33333333333333,-1.5989892134599926,943.2985229492188
495,P5 农转用储备,17,21.529411764705884,62.588235294117645,-1.5719551567766115,925.8001098632812
496,P5 农转用储备,15,11.933333333333334,96.26666666666667,-3.4162736817730504,2177.526123046875
497,P5 农转用储备,10,19.7,35.8,0.15245897164915284,67.51171875
498,P5 农转用储备,12,22.916666666666668,38.333333333333336,0.3297683317512321,54.96369552612305
499,P5 农转用储备,9,23.0,35.0,0.24745484361875725,73.39529418945312
500,P5 农转用储备,10,24.7,104.6,-1.53552711055011,902.2213745117188
501,P5 农转用储备,18,22.055555555555557,112.61111111111111,-0.4535349236626361,379.9906921386719
502,P5 农转用储备,9,27.555555555555557,106.44444444444444,-1.0394592777269231,604.3640747070312
503,P5 农转用储备,11,26.454545454545453,109.27272727272727,-0.15883378958294506,410.29150390625
504,P5 农转用储备,16,23.1875,108.0625,-1.1589076666454567,680.2271728515625
505,P5 农转用储备,15,41.13333333333333,117.13333333333334,0.1980011033814276,137.92929077148438
506,P5 农转用储备,10,30.8,118.1,0.19608540674633407,122.90718078613281
507,P5 农转用储备,12,35.083333333333336,115.66666666666667,0.2824704560422794,120.42538452148438
508,P5 农转用储备,11,36.45454545454545,119.18181818181819,-0.7584225523648876,418.23406982421875
509,P5 农转用储备,9,71.44444444444444,111.77777777777777,-1.9323112094931842,1159.047119140625
510,P5 农转用储备,6,66.83333333333333,143.33333333333334,-3.458705735656921,2356.88720703125
511,P5 农转用储备,16,83.5625,105.4375,-0.3534965539950315,254.74029541015625
512,P5 农转用储备,12,81.08333333333333,122.58333333333333,-3.171960902664367,1961.4329833984375
513,P5 农转用储备,15,70.0,102.13333333333334,-0.32271086892226974,205.48387145996094
514,P5 农转用储备,18,54.111111111111114,101.94444444444444,-0.33299071482218395,174.19290161132812
515,P5 农转用储备,11,48.54545454545455,121.0909090909091,-1.0604663638667944,594.729736328125
516,P5 农转用储备,9,53.111111111111114,138.88888888888889,-3.4587057356569213,2390.264892578125
517,P5 农转用储备,8,37.75,134.0,-2.9306785587999267,1805.258544921875
518,P5 农转用储备,15,59.53333333333333,101.0,-0.4181628634072692,188.27975463867188
519,P5 农转用储备,6,73.5,133.5,-3.347034486585164,2086.5693359375
520,P5 农转用储备,8,81.75,139.125,-1.8279932935568732,1091.5255126953125
521,P5 农转用储备,18,61.333333333333336,116.05555555555556,-2.3222853797541436,1411.465087890625
522,P5 农转用储备,19,58.421052631578945,92.94736842105263,-0.3279732228715175,171.9641876220703
523,P5 农转用储备,16,82.5625,131.5625,-2.506319058391754,1530.5841064453125
524,P5 农转用储备,15,58.4,113.06666666666666,-1.7120172823004962,1016.4580078125
525,P5 农转用储备,9,77.33333333333333,115.0,-2.2755347680250515,1381.2047119140625
526,P5 农转用储备,11,61.09090909090909,141.9090909090909,-3.458705735656921,2893.751953125
527,P5 农转用储备,11,87.54545454545455,119.18181818181819,-2.553265621895713,1560.97119140625
528,P5 农转用储备,11,49.27272727272727,91.72727272727273,0.568705965984547,66.09556579589844
529,P5 农转用储备,21,80.71428571428571,102.0,0.06463548366968239,158.54055786132812
530,P5 农转用储备,11,68.63636363636364,107.63636363636364,-1.3216411920195592,763.7798461914062
531,P5 农转用储备,15,79.13333333333334,106.06666666666666,-0.9646342854482977,532.7007446289062
532,P5 农转用储备,11,70.45454545454545,141.1818181818182,-3.3037346129152216,2053.6064453125
533,P5 农转用储备,10,75.3,144.1,-2.479169798347656,1513.01123046875
534,P5 农转用储备,15,74.4,137.6,-2.9372261767122185,1809.4964599609375
535,P5 农转用储备,13,67.76923076923077,112.15384615384616,-2.0284989783315286,1221.306396484375
536,P5 农转用储备,10,63.7,142.4,-3.4587057356569213,2683.21923828125
537,P5 农转用储备,16,78.6875,118.9375,-2.7358323235842628,1679.140869140625
538,P5 农转用储备,8,46.625,133.875,-2.8508281682464522,1753.573974609375
539,P5 农转用储备,18,57.388888888888886,104.27777777777777,-0.8780402707299966,476.6511535644531
540,P5 农转用储备,9,50.333333333333336,135.33333333333334,-3.182308216015469,1968.13037109375
541,P5 农转用储备,13,75.38461538461539,121.53846153846153,-3.3004876819858913,2047.699951171875
542,P5 农转用储备,20,50.75,110.5,-0.19320883964435773,218.0722198486328
543,P5 农转用储备,9,50.666666666666664,137.77777777777777,-3.4444183168675875,2211.7548828125
544,P5 农转用储备,10,55.2,136.3,-3.4477038626405636,2235.39990234375
545,P5 农转用储备,18,52.333333333333336,118.0,-1.2105768989928607,691.8914794921875
546,P5 农转用储备,22,53.0,106.95454545454545,-0.3223754602906062,262.7120361328125
547,P5 农转用储备,13,62.61538461538461,102.76923076923077,-0.6349471503865948,335.3880615234375
548,P5 农转用储备,11,84.36363636363636,128.36363636363637,-2.739932760775662,1681.7947998046875
549,P5 农转用储备,12,65.5,109.25,-1.6147972493899905,953.5304565429688
550,P5 农转用储备,14,73.5,105.85714285714286,-1.010093206837065,562.1248168945312
551,P5 农转用储备,12,82.83333333333333,117.16666666666667,-2.301102054569427,1397.7537841796875
552,P5 农转用储备,7,42.857142857142854,134.28571428571428,-2.912743912874677,1793.650146484375
553,P5 农转用储备,11,85.45454545454545,121.0,-2.841990922164406,1747.8538818359375
554,P5 农转用储备,8,72.125,143.125,-2.9903148089382094,1843.859130859375
555,P5 农转用储备,15,53.333333333333336,93.73333333333333,-0.4389554249303275,243.55487060546875
556,P5 农转用储备,10,57.9,139.3,-3.4587057356569213,2625.010986328125
557,P5 农转用储备,13,77.76923076923077,141.69230769230768,-2.214813515306509,1341.90185546875
558,P5 农转用储备,12,71.91666666666667,119.66666666666667,-3.1471521382066645,1945.375
559,P5 农转用储备,15,56.4,117.13333333333334,-1.7129244689676206,1017.0450439453125
560,P5 农转用储备,12,43.916666666666664,124.58333333333333,-1.4161686797472879,824.9645385742188
561,P5 农转用储备,11,78.18181818181819,109.18181818181819,-1.447026598361979,844.9378662109375
562,P5 农转用储备,10,84.8,109.7,-1.1122336776308015,628.2371215820312
563,P5 农转用储备,11,77.0,134.72727272727272,-2.8129820893195854,1729.077392578125
564,P5 农转用储备,19,75.05263157894737,102.57894736842105,-0.36211115746676115,234.41004943847656
565,P5 农转用储备,14,90.07142857142857,122.21428571428571,-2.749929517106375,1688.265380859375
566,P5 农转用储备,12,71.58333333333333,108.91666666666667,-1.4899972949954912,872.7515258789062
567,P5 农转用储备,12,63.333333333333336,107.16666666666667,-1.3255168025228428,766.2883911132812
568,P5 农转用储备,9,66.66666666666667,141.11111111111111,-3.4587057356569213,2421.009765625
569,P5 农转用储备,10,74.5,140.8,-2.732974887344543,1677.291259765625
570,P5 农转用储备,11,57.72727272727273,108.27272727272727,-1.2913212012600133,744.1547241210938
571,P5 农转用储备,13,77.15384615384616,146.3846153846154,-2.1117414514528954,1285.9088134765625
572,P5 农转用储备,17,57.23529411764706,96.94117647058823,-0.32163867189055423,116.51014709472656
573,P5 农转用储备,10,80.1,111.7,-1.6241512601110384,959.5849609375
574,P5 农转用储备,11,84.81818181818181,137.72727272727272,-1.57554183918295,928.1217041015625
575,P5 农转用储备,11,75.0,109.0,-1.492942722185665,874.657958984375
576,P5 农转用储备,7,37.0,131.85714285714286,-2.6104220701361167,1597.966796875
577,P5 农转用储备,12,73.5,115.66666666666667,-2.522985629690989,1541.3719482421875
578,P5 农转用储备,11,76.36363636363636,112.36363636363636,-1.973816309642281,1185.9122314453125
579,P5 农转用储备,10,86.4,123.9,-2.987988865825836,1842.353515625
580,P5 农转用储备,11,81.18181818181819,114.54545454545455,-1.9683606369013447,1182.3807373046875
581,P5 农转用储备,14,66.5,104.28571428571429,-0.8370054086117705,450.0906066894531
582,P5 农转用储备,17,48.64705882352941,114.3529411764706,-0.10324024770679728,200.63018798828125
583,P5 农转用储备,14,64.57142857142857,113.78571428571429,-2.3241345750679754,1412.6619873046875
584,P5 农转用储备,8,40.375,131.625,-2.5699137125942153,1571.7469482421875
585,P5 农转用储备,13,65.61538461538461,100.76923076923077,0.011192908595086225,110.16254425048828
586,P5 农转用储备,10,84.3,141.4,-1.180708353675585,756.1920166015625
587,P5 农转用储备,9,60.111111111111114,138.77777777777777,-3.4587057356569213,2694.9853515625
588,P5 农转用储备,13,65.84615384615384,118.07692307692308,-2.94047624192887,1811.6002197265625
589,P5 农转用储备,10,78.2,138.0,-2.38672180220813,1453.1724853515625
590,P5 农转用储备,11,82.0909090909091,109.36363636363636,-1.1699139596148287,665.5717163085938
591,P5 农转用储备,11,84.0909090909091,113.36363636363636,-1.6872151509366566,1000.4042358398438
592,P5 农转用储备,18,53.833333333333336,113.61111111111111,-1.1165159650510923,631.0088500976562
593,P5 农转用储备,10,70.8,138.0,-3.374892998192016,2121.49072265625
594,P5 农转用储备,10,83.2,135.0,-2.046254647228424,1232.7991943359375
595,P5 农转用储备,11,68.0,116.18181818181819,-2.645290262499212,1620.535888671875
596,P5 农转用储备,10,82.5,119.8,-2.7083965782854,1661.3824462890625
597,P5 农转用储备,11,83.63636363636364,124.72727272727273,-3.1871450667116084,1971.26123046875
598,P5 农转用储备,10,49.1,117.8,-0.759508304934506,399.92919921875
599,P5 农转用储备,16,54.9375,90.3125,-0.32533367144472747,162.46087646484375
600,P5 农转用储备,9,40.888888888888886,126.66666666666667,-1.8029494343068575,1075.3154296875
601,P5 农转用储备,11,81.0909090909091,142.36363636363637,-1.5410679865098396,1007.1818237304688
602,P5 农转用储备,7,75.42857142857143,118.0,-2.8084670854711997,1726.1549072265625
603,P5 农转用储备,9,81.44444444444444,126.88888888888889,-3.1816313456693996,1967.6922607421875
604,P5 农转用储备,6,55.5,139.0,-3.458705735656921,2489.84375
605,P5 农转用储备,14,61.5,111.28571428571429,-1.9220369581911005,1152.3968505859375
606,P5 农转用储备,9,70.55555555555556,114.44444444444444,-2.3493980756600408,1429.01416015625
607,P5 农转用储备,9,54.0,97.33333333333333,-0.28147031444970544,90.51041412353516
608,P5 农转用储备,11,60.18181818181818,107.0909090909091,-1.3560750377888346,786.0678100585938
609,P5 农转用储备,3,38.0,104.0,0.8327422129764832,43.03023910522461
610,P5 农转用储备,29,53.10344827586207,3.8620689655172415,0.11164265673007913,146.08157348632812
611,P5 农转用储备,2,60.5,7.5,0.7104086696050927,40.902549743652344
612,P5 农转用储备,11,74.54545454545455,12.363636363636363,-0.13050611335329873,43.48308181762695
613,P5 农转用储备,12,68.33333333333333,8.75,-0.050081530548589874,138.20777893066406
614,P5 农转用储备,9,74.55555555555556,8.777777777777779,0.24596873384105816,97.5887680053711
615,P5 农转用储备,13,71.38461538461539,10.76923076923077,-0.39660563898079737,191.83944702148438
616,P5 农转用储备,2,69.5,6.0,0.14334268747469203,24.62624168395996
617,P5 农转用储备,2,75.0,17.5,-0.07106005520277708,24.013166427612305
618,P5 农转用储备,12,88.91666666666667,24.25,0.3057251029638191,64.71825408935547
619,P5 农转用储备,20,119.35,29.0,-0.3461251920871824,142.8136444091797
620,P5 农转用储备,17,104.29411764705883,33.294117647058826,-0.17373163000266229,61.771427154541016
621,P5 农转用储备,12,103.08333333333333,23.25,-1.305567255818153,753.3757934570312
622,P5 农转用储备,12,97.91666666666667,33.083333333333336,-0.21001154924760704,44.25747299194336
623,P5 农转用储备,9,87.66666666666667,37.55555555555556,-0.08996017977016718,129.1726837158203
624,P5 农转用储备,17,78.05882352941177,25.294117647058822,-0.1718468675876824,101.54827880859375
625,P5 农转用储备,11,89.45454545454545,34.54545454545455,-0.29989808680309926,102.43817901611328
626,P5 农转用储备,8,78.25,33.875,-0.08010528170381997,64.7151107788086
627,P5 农转用储备,13,94.0,36.0,-0.09577695200147189,163.31735229492188
628,P5 农转用储备,11,105.9090909090909,29.454545454545453,-0.68070711382739,348.9236755371094
629,P5 农转用储备,17,129.7058823529412,29.705882352941178,-0.26963752364795973,95.15049743652344
630,P5 农转用储备,18,96.11111111111111,28.055555555555557,-0.4292352062496587,186.15396118164062
631,P5 农转用储备,10,88.5,40.2,0.09893638110199462,88.21626281738281
632,P5 农转用储备,20,115.5,26.3,-0.30905652389258587,108.3661117553711
633,P5 农转用储备,7,85.42857142857143,36.285714285714285,-0.010129169301089726,94.09455108642578
634,P5 农转用储备,12,99.66666666666667,25.916666666666668,-0.7997078569142069,425.9490966796875
635,P5 农转用储备,9,85.44444444444444,32.888888888888886,-0.208119318670668,43.03266906738281
636,P5 农转用储备,20,123.7,28.9,-0.2187151971127709,67.314697265625
637,P5 农转用储备,12,78.0,30.583333333333332,-0.24799075190653808,144.34263610839844
638,P5 农转用储备,12,115.5,30.0,-0.3353405594361865,125.37893676757812
639,P5 农转用储备,10,90.0,31.5,-0.27577546283930976,86.82434844970703
640,P5 农转用储备,13,111.76923076923077,28.76923076923077,-0.42712445991871884,184.78770446777344
641,P5 农转用储备,8,92.5,26.0,-0.31501966229077005,120.93765258789062
642,P5 农转用储备,13,100.23076923076923,29.384615384615383,-0.33624579217899736,125.96485900878906
643,P5 农转用储备,11,102.9090909090909,26.363636363636363,-0.8659097281469855,468.7993469238281
644,P5 农转用储备,9,93.44444444444444,32.77777777777778,-0.21339768083887412,46.449195861816406
645,P5 农转用储备,7,91.28571428571429,28.571428571428573,-0.20701033262598106,42.314876556396484
646,P5 农转用储备,6,106.0,25.833333333333332,-1.1880992749862913,677.3424682617188
647,P5 农转用储备,16,76.0625,23.125,0.2760634179683688,82.46532440185547
648,P5 农转用储备,13,91.3076923076923,38.07692307692308,-0.09154344814225968,123.04930114746094
649,P5 农转用储备,11,81.54545454545455,32.81818181818182,-0.2518725085426775,71.35272216796875
650,P5 农转用储备,12,109.25,27.0,-0.8694168858076678,471.0695495605469
651,P5 农转用储备,10,83.9,28.6,-0.2509439413282319,70.75169372558594
652,P5 农转用储备,11,80.45454545454545,27.181818181818183,-0.2936185884643999,98.37361145019531
653,P5 农转用储备,11,87.9090909090909,29.181818181818183,-0.23454292407418276,60.13583755493164
654,P5 农转用储备,9,81.88888888888889,35.77777777777778,0.2713921935504619,65.64529418945312
655,P5 农转用储备,14,95.85714285714286,103.07142857142857,-0.04885210563233292,144.04957580566406
656,P5 农转用储备,16,102.1875,113.75,-1.015316690844274,565.5057983398438
657,P5 农转用储备,7,101.85714285714286,109.14285714285714,-0.011816530497853648,164.8812713623047
658,P5 农转用储备,12,98.0,109.5,-0.8437170068424736,454.434814453125
659,P5 农转用储备,12,98.58333333333333,105.66666666666667,-0.18557827387948447,162.02381896972656
660,P5 农转用储备,7,95.14285714285714,109.85714285714286,-1.192670931372349,680.3015747070312
661,P5 农转用储备,12,92.0,104.83333333333333,-0.4230706349798469,193.779541015625
662,P5 农转用储备,12,92.91666666666667,108.58333333333333,-1.0088042929149466,561.2905883789062
663,P5 农转用储备,17,93.70588235294117,100.29411764705883,-0.11175930817280143,87.25359344482422
664,P5 农转用储备,24,92.875,150.79166666666666,-0.5327268099375301,253.1407470703125
665,P5 农转用储备,10,101.9,154.7,-0.7959981688205822,555.9675903320312
666,P5 农转用储备,3,101.33333333333333,133.66666666666666,-0.29964216793905146,102.27249908447266
667,P5 农转用储备,16,102.3125,145.875,-0.34541995629963423,428.1048583984375
668,P5 农转用储备,16,96.1875,154.4375,-1.191332403601636,679.4351806640625
669,P5 农转用储备,14,102.42857142857143,150.85714285714286,-0.23681971790830533,285.62774658203125
670,P5 农转用储备,15,99.06666666666666,148.73333333333332,-0.8645436654067156,560.8412475585938
671,P5 农转用储备,11,109.27272727272727,145.9090909090909,0.398937917370408,55.599483489990234
672,P5 农转用储备,16,108.125,149.8125,0.2536446153642896,96.97630310058594
673,P5 农转用储备,6,95.33333333333333,143.83333333333334,-0.29264092192382063,97.7408218383789
674,P5 农转用储备,7,102.0,136.71428571428572,-0.24242518589228834,65.2377700805664
675,P5 农转用储备,11,101.36363636363636,140.54545454545453,-0.49639910223489275,235.9628448486328
676,P5 农转用储备,12,97.91666666666667,143.83333333333334,-0.3616246953180167,223.7021026611328
677,P5 农转用储备,10,93.3,17.7,-0.6525834339543073,386.47576904296875
678,P5 农转用储备,15,95.46666666666667,20.6,-1.0508469037868626,588.5033569335938
679,P5 农转用储备,15,95.73333333333333,15.933333333333334,-1.1893364503515804,678.1432495117188
680,P5 农转用储备,2,96.0,48.5,1.0454076311335414,33.15208435058594
681,P5 农转用储备,14,103.14285714285714,55.92857142857143,-0.1983013117160845,96.41596984863281
682,P5 农转用储备,15,98.46666666666667,56.46666666666667,0.05539208033383307,81.5538330078125
683,P5 农转用储备,10,104.0,59.2,0.04948880105048055,57.49700164794922
684,P5 农转用储备,11,100.81818181818181,58.81818181818182,-0.17776714351192854,61.401912689208984
685,P5 农转用储备,25,100.16,43.4,-0.36778289303884093,227.2235107421875
686,P5 农转用储备,9,107.77777777777777,137.22222222222223,0.25302592212250086,185.94692993164062
687,P5 农转用储备,9,112.44444444444444,131.44444444444446,0.6862049189888827,75.928466796875
688,P5 农转用储备,10,119.3,137.3,-0.6838693874737893,357.94000244140625
689,P5 农转用储备,12,131.66666666666666,121.08333333333333,-2.599292181385859,1590.7626953125
690,P5 农转用储备,15,128.53333333333333,119.66666666666667,-2.183563455396199,1321.6746826171875
691,P5 农转用储备,10,126.3,126.9,-2.0656126336044345,1252.2982177734375
692,P5 农转用储备,17,115.58823529411765,136.8235294117647,0.09752322875108506,218.27088928222656
693,P5 农转用储备,14,127.85714285714286,129.64285714285714,-2.24813605591983,1363.470458984375
694,P5 农转用储备,12,122.75,128.5,-1.0223567677963192,883.6881713867188
695,P5 农转用储备,10,130.9,126.8,-2.775225818607513,1704.638916015625
696,P5 农转用储备,12,133.33333333333334,119.08333333333333,-2.4251623575422205,1478.0540771484375
697,P5 农转用储备,8,120.0,132.75,0.01377017680689141,570.2208251953125
698,P5 农转用储备,13,127.84615384615384,124.15384615384616,-2.2603576077782916,1371.3809814453125
699,P5 农转用储备,13,124.07692307692308,134.69230769230768,-1.3880285432062938,833.5559692382812
700,P5 农转用储备,13,125.38461538461539,132.0,-1.6227551452785574,1071.264892578125
701,P5 农转用储备,12,131.5,124.0,-2.804412099175954,1723.5302734375
702,P5 农转用储备,2,118.0,128.5,0.011585778268642238,423.5337219238281
703,P5 农转用储备,13,124.15384615384616,106.15384615384616,-0.3637637023660584,143.77630615234375
704,P5 农转用储备,1,125.0,109.0,-0.6920495753023073,356.2652587890625
705,P5 农转用储备,27,128.59259259259258,112.74074074074075,-1.262004186154556,725.1786499023438
706,P5 农转用储备,16,143.375,34.5625,-0.3051068664374992,105.80961608886719
707,P5 农转用储备,10,161.1,43.0,-1.1253347170385763,636.7169189453125
708,P5 农转用储备,12,165.08333333333334,40.416666666666664,-1.6506131315760852,976.7129516601562
709,P5 农转用储备,11,161.0909090909091,48.63636363636363,-1.7016338992287126,1009.737060546875
710,P5 农转用储备,13,158.84615384615384,46.23076923076923,-1.2091770227057017,690.9854125976562
711,P5 农转用储备,14,158.42857142857142,40.0,-0.6534155531699468,331.25872802734375
712,P5 农转用储备,10,162.1,40.2,-1.1914160241219447,679.4893188476562
713,P5 农转用储备,19,160.6315789473684,35.94736842105263,-1.1646781362978922,662.1826782226562
714,P5 农转用储备,10,167.3,45.8,-2.171165097210113,1313.649658203125
715,P5 农转用储备,10,166.9,43.2,-1.9784807924959105,1188.9312744140625
716,P5 农转用储备,12,154.5,39.5,-0.27519850676586666,86.4509048461914
717,P5 农转用储备,15,163.73333333333332,45.333333333333336,-1.6546570504241231,979.3303833007812
