项目,区,计划名,街道,公告年,审批年,拆除面积,FAR,时滞年
光明新区公明办事处高博印刷厂城市更新单元规划,光明,高博印刷厂城市更新单元,公明办事处,2016.1666666666667,2018,10315.0,6.798359535201641,1.8333333333332575
光明区光明街道伶伦提可乐工业区城市更新单元规划,光明,伶伦提可乐旧工业区城市更新单元,光明办事处,2017.8333333333333,2018,37266.4,6.9068625476161705,0.16666666666674246
光明区公明街道上村宝滨工业园城市更新单元规划,光明,上村宝滨工业园城市更新单元,公明办事处,2018.0833333333333,2019,12996.8,5.798786577821504,0.9166666666667425
光明区马田街道薯田埔旧屋村地块更新单元规划,光明,华泰小区更新单元,莲花街道,2010.25,2020,75921.2,7.499722074153466,9.75
光明区光明街道光明大街光晟龙钻城市更新单元规划,光明,光明大街光晟龙钻城市更新单元,光明办事处,2016.9166666666667,2020,17254.8,6.599954514441665,3.0833333333332575
光明区玉塘街道长兴科技工业园更新单元规划,光明,华泰小区更新单元,莲花街道,2010.25,2021,57631.2,4.863998375847499,10.75
光明区公明街道鸿大新城城市更新单元规划,光明,鸿大新城城市更新单元,公明办事处,2018.0,2021,16959.0,6.0,3.0
光明区凤凰街道轨道13号线车辆段片区重点更新单元规划,光明,华泰小区更新单元,莲花街道,2010.25,2022,1284374.7,6.330151703339987,11.75
南山区沙河街道沙河五村城市更新单元规划,南山,沙河五村城市更新单元（范围调整）,沙河街道,2014.5,2018,459542.1,11.784312841247202,3.5
南山区招商街道赤湾西牛埔仓库区城市更新单元规划,南山,赤湾西牛埔仓库区城市更新单元,招商街道,2016.9166666666667,2018,48881.0,3.7316292422965147,1.0833333333332575
南山区沙河街道兆方投资大楼更新单元规划（02地块调整“2016已批）,南山,华泰小区更新单元,莲花街道,2010.25,2019,12712.4,7.319431017815219,8.75
南山区沙河街道晶发新能源地块城市更新单元规划,南山,晶发新能源地块城市更新单元,沙河街道,2018.75,2019,9961.9,5.621124889282551,0.25
南山区西丽街道南华数字科技城市更新单元规划,南山,南华数字科技城市更新单元,西丽街道,2018.75,2019,15006.1,5.999450279441284,0.25
南山区南山街道南山村旧村城市更新单元规划,南山,南山村旧村更新单元,南山街道,2010.25,2019,185639.0,10.265466714142756,8.75
南山区招商街道蛇口工业区沿山路片区城市更新单元规划,南山,蛇口工业区沿山路片区城市更新单元,招商街道,2015.5,2019,18190.7,5.579316197662401,3.5
南山区粤海街道莱英花园城市更新单元规划,南山,莱英花园城市更新单元,粤海街道,2018.6666666666667,2019,11488.0,8.6873232799246,0.33333333333325754
南山区桃源街道益力矿泉水厂城市更新单元规划,南山,益力矿泉水厂城市更新单元（范围调整）,桃源街道,2015.9166666666667,2019,55088.0,6.270672277130835,3.0833333333332575
南山区南山街道怡丰科技园城市更新单元规划,南山,怡丰科技园城市更新单元,南山街道,2018.0833333333333,2019,7646.2,5.457666377135294,0.9166666666667425
南山区南山街道荔林公园北地块城市更新单元规划,南山,荔林公园北地块城市更新单元,南山街道,2017.0833333333333,2019,6818.4,7.874980848781982,1.9166666666667425
南山区南山街道中兴工业城城市更新单元规划,南山,中兴工业城城市更新单元,南山街道,2018.0833333333333,2019,42842.0,10.566381952620292,0.9166666666667425
南山区粤海街道桂庙新村城市更新单元规划,南山,桂庙新村城市更新单元（范围调整）,粤海街道,2015.75,2021,70224.5,8.859796303897495,5.25
南山区粤海街道南油酒店大厦城市更新单元规划,南山,南油酒店大厦城市更新单元,粤海街道,2018.6666666666667,2021,4587.6,7.741343793210486,2.3333333333332575
南山区桃源街道珠光村城市更新单元规划,南山,珠光村城市更新单元（范围调整）,桃源街道,2014.3333333333333,2021,135356.8,5.258127820801915,6.6666666666667425
南山区粤海街道后海村城市更新单元规划,南山,后海村城市更新单元（范围调整）,粤海街道,2016.75,2022,70277.5,8.89346255565459,5.25
南山区桃源街道高发科技园城市更新单元规划,南山,高发科技园旧厂房区城市更新单元,桃源街道,2016.75,2022,45440.1,8.717794400022926,5.25
南山区南头街道南苑新村城市更新单元规划,南山,南苑新村更新单元,南头街道,2010.25,2022,79287.1,9.074153818114894,11.75
坪山区坪山街道坪山围城市更新单元规划,坪山,坪山围城市更新单元（范围调整）,坪山街道,2018.6666666666667,2019,112982.7,8.466452968485653,0.33333333333325754
大鹏新区葵涌街道办事处东一、东二、上塘城市更新单元（二次上会）,大鹏,东一、东二、上塘城市更新单元,葵涌办事处,2016.6666666666667,2021,58677.8,5.510540451576894,4.3333333333332575
宝安区西乡街道办南方盈信地块城市更新单元规划,宝安,南方盈信地块城市更新单元,西乡街道,2016.1666666666667,2018,14129.4,6.000138161076078,1.8333333333332575
宝安区西乡街道盐田旧工业园城市更新单元规划,宝安,盐田旧工业园城市更新单元,西乡街道,2016.6666666666667,2018,17830.1,5.999959541742807,1.3333333333332575
宝安区航城街道固戍维尔康地块城市更新单元,宝安,固戍维尔康地块城市更新单元,西乡街道,2016.0833333333333,2018,24395.0,3.9997722479130973,1.9166666666667425
宝安区西乡街道流塘榕树路68号地块城市更新单元规划,宝安,流塘榕树路68号地块城市更新单元,西乡街道,2014.75,2018,11166.7,7.727951197352197,3.25
宝安区燕罗街道正台阳涂料工业区城市更新单元规划,宝安,正台阳涂料工业区城市更新单元,燕罗街道,2018.3333333333333,2019,10430.5,5.999632877253921,0.6666666666667425
宝安区福海街道明辉工业园城市更新单元规划,宝安,明辉工业园城市更新单元,福永街道,2016.6666666666667,2019,20255.0,6.025722318597834,2.3333333333332575
宝安区新桥街道上寮农批市场城市更新单元规划,宝安,上寮农批市场城市更新单元,沙井街道,2013.8333333333333,2019,25564.0,6.252925165968644,5.1666666666667425
宝安区松岗街道溪头第一、二工业区城市更新单元,宝安,溪头第一、二工业区城市更新单元,松岗街道,2016.1666666666667,2019,153927.2,7.942417952314165,2.8333333333332575
宝安区沙井街道共和第三工业区城市更新单元规划（二次上会）,宝安,共和第三工业片区城市更新单元,沙井街道,2016.9166666666667,2020,63775.0,5.890769013317919,3.0833333333332575
宝安区石岩街道中航三鑫玻璃加工厂城市更新单元规划,宝安,宝安区石岩街道中航三鑫玻璃加工厂城市更新单元,石岩街道,2018.75,2020,32376.2,7.801990027798614,1.25
宝安区石岩街道冠利园城市更新单元规划,宝安,宝安区石岩街道石岩冠利园更新单元,石岩街道,2011.9166666666667,2020,61009.3,6.179348312359538,8.083333333333258
宝安区西乡街道益成工业园城市更新单元规划,宝安,益成工业园城市更新单元,西乡街道,2016.1666666666667,2020,67445.3,5.500003929149575,3.8333333333332575
宝安区松岗街道松岗商业中心城市更新单元规划,宝安,松岗商业中心更新单元,松岗街道,2012.3333333333333,2020,201141.8,8.472190938927858,7.6666666666667425
宝安区107发展带西乡街道朱坳工业区城市更新单元规划,宝安,宝安区107发展带西乡街道朱坳工业区城市更新单元,西乡街道,2018.6666666666667,2020,43302.2,5.315410212055908,1.3333333333332575
宝安区新安街道前进一路沃尔玛购物广场片区城市更新单元规划,宝安,宝安区新安街道前进一路沃尔玛购物广场片区城市更新单元,新安街道,2018.6666666666667,2021,26539.77,8.65360424070083,2.3333333333332575
宝安区航城街道长营地块城市更新单元和全一地块城市更新单元规划（二次上会）,宝安,宝安区航城街道长营地块城市更新单元,航城街道,2018.4166666666667,2021,141896.6,4.140776336888198,2.5833333333332575
盐田区沙头角街道恩上村城市更新单元,盐田,恩上村城市更新单元（范围调整）,沙头角街道,2018.1666666666667,2018,27048.33,6.874414311089977,-0.16666666666674246
盐田区海山街道协和电厂城市更新单元,盐田,协和电厂城市更新单元,海山街道,2017.1666666666667,2018,28258.0,7.686628530568466,0.8333333333332575
盐田区海山街道叶屋村城市更新单元规划,盐田,叶屋村城市更新单元,海山街道,2017.1666666666667,2019,23568.5,7.175724048161406,1.8333333333332575
盐田区盐田街道龙眼园旧村二期城市更新单元规划,盐田,龙眼园旧村二期更新单元,盐田街道,2010.25,2019,26982.0,6.50871009199995,8.75
盐田区沙头角街道田心工业区片区重点更新单元规划,盐田,华泰小区更新单元,莲花街道,2010.25,2021,159190.0,10.71388929105738,10.75
盐田区盐田街道江屋村二期城市更新单元规划,盐田,江屋村二期城市更新单元,盐田街道,2017.5,2021,19834.6,6.200159627997363,3.5
盐田区盐田街道盐田旧墟镇城市更新单元规划,盐田,盐田旧墟镇城市更新单元（范围调整）,盐田街道,2018.0,2021,159030.8,5.519924597328213,3.0
盐田区盐田街道渔民新村城市更新单元规划,盐田,渔民新村城市更新单元,盐田街道,2018.0,2021,23751.9,6.316959418108148,3.0
上步片区第三更新单元规划（调整）,福田,上步片区第三更新单元,华强北街道,2010.25,2018,28242.79,9.794411561882436,7.75
福田区梅林街道中汽南华地块城市更新单元规划,福田,中汽南华地块城市更新单元,梅林街道,2015.9166666666667,2018,11544.6,5.999438649015297,2.0833333333332575
福田区沙头街道新光联合制药厂区城市更新单元规划,福田,新光联合制药厂区城市更新单元,沙头街道,2017.9166666666667,2018,23360.3,7.046576646243531,0.08333333333325754
上步片区第五单元骏嘉B210-0024地块城市更新单元规划,福田,骏嘉B210-0024地块城市更新单元,华强北街道,2016.0833333333333,2018,7736.4,12.846806193106667,1.9166666666667425
福田区梅林街道金龙工业大楼片区城市更新单元,福田,金龙工业大楼片区城市更新单元,梅林街道,2016.0833333333333,2018,8488.9,5.999685262412464,1.9166666666667425
福田区福田街道水围村城市更新单元规划,福田,水围村局部拆建,福田街道,,2018,31447.4,6.339408991756603,
福田区梅林街道华强激光工厂城市更新单元规划,福田,华强激光工厂城市更新单元,梅林街道,2015.5,2018,31755.6,5.998421468034728,2.5
福田区园岭街道八卦岭平安大厦城市更新单元规划,福田,八卦岭平安大厦城市更新单元,园岭街道,2018.5,2018,7232.0,9.254758727259956,-0.5
福田区华强北街道南方日报深圳大厦城市更新单元规划,福田,南方日报深圳大厦城市更新单元,华强北街道,2016.75,2018,7226.5,9.233788243689235,1.25
福田区香蜜湖街道南天电力城市更新单元规划,福田,南天电力城市更新单元,香蜜湖街道,2013.8333333333333,2018,40829.7,9.209383145091225,4.1666666666667425
福田区莲花街道景田金泰市场城市更新单元规划,福田,景田金泰市场城市更新单元,莲花街道,2017.9166666666667,2019,4755.6,9.108772819472618,1.0833333333332575
福田区梅林街道上梅林美视地块城市更新单元规划,福田,上梅林美视地块城市更新单元,梅林街道,2018.1666666666667,2019,7278.56,8.935657099591985,0.8333333333332575
福田区福保街道福田保税区综合服务中心更新单元规划,福田,华泰小区更新单元,莲花街道,2010.25,2019,11473.1,10.311526096007686,8.75
福田区沙头街道天安数码城城市更新单元规划（二次上会）,福田,天安数码城城市更新单元,沙头街道,2016.0833333333333,2020,49939.2,8.201159066646333,3.9166666666667425
福田区沙头街道天安数码城城市更新单元规划（二次上会）,福田,天安数码城城市更新单元,沙头街道,2016.0833333333333,2020,49939.2,8.201159066646333,3.9166666666667425
福田区园岭街道八卦岭上林苑城市更新单元规划,福田,八卦岭上林苑城市更新单元,园岭街道,2017.9166666666667,2021,7980.0,6.980649022476394,3.0833333333332575
福田区园岭街道八卦岭智联泰产业园城市更新单元规划,福田,八卦岭智联泰产业园城市更新单元,园岭街道,2018.3333333333333,2021,15847.8,8.17374260488033,2.6666666666667425
福田区园岭街道一致药业城市更新单元规划,福田,一致药业城市更新单元,园岭街道,2014.75,2021,19638.7,14.587568303463195,6.25
福田区福田街道福田村城市更新单元规划,福田,福田村城市更新单元,福田街道,2016.75,2022,220964.9,10.929575843424194,5.25
罗湖区南湖街道江西经贸小区城市更新单元规划,罗湖,罗湖区南湖街道江西经贸小区城市更新单元,南湖街道,2018.5,2018,4940.0,8.334865853409347,-0.5
罗湖区清水河街道峰晟创谷-华润智地文创中心城市更新单元规划,罗湖,罗湖区清水河街道华润智地文创中心城市更新单元,清水河街道,2017.0833333333333,2018,14530.9,6.850131966914404,0.9166666666667425
罗湖区笋岗-清水河片区04子单元奥康德地块城市更新单元规划,罗湖,罗湖区笋岗-清水河片区04子单元奥康德地块城市更新单元,笋岗街道,2017.0833333333333,2018,3464.9,9.610167071255177,0.9166666666667425
罗湖区桂园街道蔡屋围城市更新统筹片区更新单元规划,罗湖,华泰小区更新单元,莲花街道,2010.25,2018,302647.1,13.704893456447143,7.75
罗湖区清水河街道清水河国际汽车物流产业园城市更新单元规划(调整),罗湖,清水河国际汽车物流产业园更新单元,清水河街道,2010.25,2018,23327.71,18.397140090013103,7.75
罗湖区东湖街道布心村水围村城市更新单元规划,罗湖,水围村城市更新单元,福田街道,2014.9166666666667,2019,111994.4,11.114867299540741,4.0833333333332575
罗湖区翠竹街道特发保税黄金珠宝产业中心城市更新单元规划 ,罗湖,罗湖区翠竹路特发保税黄金珠宝产业中心更新单元,翠竹街道,2011.5,2020,18179.1,8.60119691398082,8.5
罗湖区清水河街道生命健康创新基地城市更新单元规划（二次上会）,罗湖,清水河生命健康创新基地城市更新单元计划,清水河街道,2017.3333333333333,2021,44006.5,11.898736978782425,3.6666666666667425
罗湖区清水河街道中溢地块城市更新单元规划,罗湖,罗湖区清水河街道中溢地块城市更新单元,清水河街道,2018.6666666666667,2022,13072.7,8.050469122791611,3.3333333333332575
　龙华区观湖街道向西村商业地块城市更新单元规划,龙华,向西村商业地块城市更新单元,观湖办事处,2016.6666666666667,2018,20563.4,6.007107811398397,1.3333333333332575
龙华区大浪街道国大木器城市更新单元,龙华,国大木器城市更新单元(范围调整),大浪街道,2018.25,2018,19643.7,7.7769444491792665,-0.25
龙华区大浪街道上下横朗城市更新单元规划,龙华,上下横朗城市更新单元,大浪办事处,2016.0833333333333,2019,133792.0,6.534390097538294,2.9166666666667425
龙华区清湖街道富多肯城市更新单元规划,龙华,清湖富多肯城市更新单元,龙华区龙华街道,2017.5833333333333,2019,23496.4,11.799405401589256,1.4166666666667425
龙华区水斗老围村城市更新单元（二次上会）,龙华,水斗老围村城市更新单元,龙华街道,2018.1666666666667,2020,54428.0,7.345774316976573,1.8333333333332575
龙华区龙华街道中航幕墙工业园城市更新单元规划（二次上会）,龙华,中航幕墙工业园城市更新单元,龙华办事处,2016.0833333333333,2020,17298.5,6.469415367086805,3.9166666666667425
龙华区龙华街道龙华商业中心城市更新单元规划,龙华,龙华商业中心,龙华街道,2010.25,2020,343258.8,8.258936675357853,9.75
龙华区龙华街道彬峰桂工业园城市更新单元规划,龙华,彬峰桂工业园城市更新单元,龙华街道,2018.1666666666667,2020,72884.0,8.067453792217789,1.8333333333332575
龙华区观澜街道田心村城市更新单元规划,龙华,罗湖区田心村改造项目,笋岗街道,2010.3333333333333,2020,60169.5,5.9039130274404865,9.666666666666742
龙华区龙华街道水斗新围山嘴头工业区（第二期）城市更新单元规划,龙华,水斗新围山嘴头工业区城市更新单元,龙华街道,2014.3333333333333,2020,32214.0,8.331769093116092,5.6666666666667425
龙华区观湖街道新田社区新田元水老村城市更新单元规划,龙华,新田社区新田元水老村城市更新单元,观湖办事处,2016.6666666666667,2021,62609.2,6.484214268018139,4.3333333333332575
龙华区大浪街道浪口村改造城市更新单元规划,龙华,浪口村改造,大浪街道,2010.25,2021,55068.9,5.753215944014621,10.75
龙华区观湖街道松元厦大布头片区城市更新单元规划,龙华,松元厦大布头片区城市更新单元,观澜办事处,2015.5,2021,187539.1,6.205182533144706,5.5
龙华区龙华街道清湖硅谷动力工业园城市更新单元规划（二次上会）,龙华,清湖硅谷动力工业园城市更新单元,龙华街道,2018.75,2022,107726.4,6.973021436139865,3.25
龙华区民治街道水尾泰安城市更新单元规划,龙华,水尾泰安城市更新单元,龙华区民治街道,2017.5833333333333,2022,12812.6,8.643745195885847,4.4166666666667425
龙岗区横岗街道六约南片塘坑片区城市更新单元规划,龙岗,六约南片塘坑片区城市更新单元（范围调整）,横岗街道,2015.75,2018,73799.1,6.725697007349818,2.25
龙岗区南湾街道南和通讯及南岭地块城市更新单元规划,龙岗,南和通讯及南岭地块城市更新单元,南湾街道,2016.0833333333333,2018,58297.5,4.19818934952931,1.9166666666667425
龙岗区龙城街道回龙埔社区长江电缆厂城市更新单元规划,龙岗,长江电缆厂城市更新单元,龙城街道,2018.25,2019,22735.6,8.457839097986891,0.75
龙岗区平湖街道鹅公岭社区园岭片区城市更新单元规划,龙岗,鹅公岭社区园岭片区城市更新单元,平湖街道,2016.9166666666667,2019,93437.6,7.67009131061084,2.0833333333332575
龙岗区坂田街道嘉长源高科技工业园城市更新单元规划,龙岗,嘉长源高科技工业园城市更新单元,坂田街道,2017.3333333333333,2020,29673.6,7.470492275213512,2.6666666666667425
龙岗区坂田街道富豪山庄旧住宅区城市更新单元规划,龙岗,富豪山庄旧住宅区城市更新单元,坂田街道,2018.25,2020,19228.6,8.365736962539804,1.75
龙岗区龙岗街道南联向前村城市更新单元规划,龙岗,南联向前村更新单元,龙岗街道,2010.25,2020,134572.5,9.266104181382099,9.75
龙岗区平湖街道山厦旧村城市更新单元规划,龙岗,山厦旧村改造,平湖街道,2010.25,2020,198946.7,6.146771663597212,9.75
龙岗区龙城街道盛平荔枝园城市更新单元规划,龙岗,盛平荔枝园城市更新单元,龙城街道,2015.75,2020,43558.4,8.581711487313717,4.25
龙岗区坂田街道石化坂田新村更新单元规划,龙岗,华泰小区更新单元,莲花街道,2010.25,2020,19706.0,8.701560066985927,9.75
龙岗区坂田街道石化坂田新村更新单元规划,龙岗,华泰小区更新单元,莲花街道,2010.25,2020,19706.0,8.701560066985927,9.75
龙岗区龙岗街道新生社区车村片区城市更新单元规划,龙岗,新生社区车村片区城市更新单元,龙岗街道,2017.3333333333333,2020,83338.0,8.270249862153447,2.6666666666667425
龙岗区横岗街道四联排榜村城市更新单元规划,龙岗,四联排榜村城市更新单元,横岗街道,2016.9166666666667,2021,505910.6,7.393424157868433,4.0833333333332575
龙岗区平湖街道良安田新村片区城市更新单元规划,龙岗,良安田新村城市更新单元,平湖街道,2015.5,2021,132361.5,6.298288740509667,5.5
龙岗区龙岗街道新生社区低山村城市更新单元规划,龙岗,新生社区低山村城市更新单元,龙岗街道,2018.5833333333333,2021,463042.3,7.192759423051854,2.4166666666667425
