区位,街道N,年,计划数,计划面积ha,批准数,拆除面积m2,中位FAR
光明区,光明街道,2010.0,2.0,16.05,,,
光明区,光明街道,2012.0,1.0,5.3229,,,
光明区,光明街道,2013.0,1.0,7.2993,,,
光明区,光明街道,2014.0,1.0,3.8813,,,
光明区,光明街道,2015.0,3.0,20.3062,,,
光明区,光明街道,2016.0,2.0,5.7771,,,
光明区,光明街道,2017.0,3.0,9.973099999999999,,,
光明区,光明街道,2018.0,1.0,5.153882,4.0,94474.2,6.840008395295003
光明区,公明街道,2010.0,7.0,58.78,,,
光明区,公明街道,2011.0,2.0,20.0637,,,
光明区,公明街道,2012.0,2.0,9.1273,,,
光明区,公明街道,2014.0,1.0,2.9109,,,
光明区,公明街道,2015.0,2.0,29.3303,,,
光明区,公明街道,2016.0,1.0,1.0315,,,
光明区,公明街道,2018.0,2.0,2.99558,4.0,94474.2,6.840008395295003
光明区,凤凰街道,2018.0,1.0,1.0375,4.0,94474.2,6.840008395295003
光明区,玉塘街道,2018.0,2.0,9.0296,4.0,94474.2,6.840008395295003
光明区,,2019.0,,,4.0,148645.5,6.051762649460819
光明区,,2020.0,,,2.0,93176.0,7.049838294297565
光明区,,2021.0,,,5.0,203538.4,6.0
光明区,,2022.0,,,3.0,1569009.2,6.330151703339987
南山区,南头街道,2010.0,5.0,32.3,,,
南山区,南头街道,2013.0,1.0,0.8608,,,
南山区,南头街道,2014.0,1.0,1.8996,,,
南山区,南头街道,2015.0,1.0,1.3942,,,
南山区,南头街道,2016.0,1.0,1.5951,,,
南山区,南头街道,2018.0,2.0,17.8934,4.0,559855.2,6.147518398005738
南山区,南山街道,2010.0,8.0,48.103055999999995,,,
南山区,南山街道,2011.0,2.0,5.96,,,
南山区,南山街道,2012.0,1.0,5.1122,,,
南山区,南山街道,2013.0,2.0,2.9316000000000004,,,
南山区,南山街道,2014.0,2.0,2.9375999999999998,,,
南山区,南山街道,2016.0,1.0,0.9583,,,
南山区,南山街道,2017.0,2.0,8.45704,,,
南山区,南山街道,2018.0,5.0,23.0413,4.0,559855.2,6.147518398005738
南山区,招商街道,2010.0,3.0,14.94,,,
南山区,招商街道,2013.0,3.0,22.1173,,,
南山区,招商街道,2015.0,1.0,1.8191,,,
南山区,招商街道,2016.0,1.0,4.8881,,,
南山区,招商街道,2018.0,1.0,1.7021,4.0,559855.2,6.147518398005738
南山区,桃源街道,2010.0,1.0,15.36,,,
南山区,桃源街道,2012.0,1.0,4.1645,,,
南山区,桃源街道,2014.0,1.0,13.552,,,
南山区,桃源街道,2015.0,1.0,5.5088,,,
南山区,桃源街道,2016.0,1.0,3.4848,,,
南山区,桃源街道,2018.0,1.0,17.9356,4.0,559855.2,6.147518398005738
南山区,沙河街道,2010.0,3.0,10.68,,,
南山区,沙河街道,2011.0,1.0,1.4758,,,
南山区,沙河街道,2012.0,1.0,9.827,,,
南山区,沙河街道,2013.0,1.0,1.2712,,,
南山区,沙河街道,2014.0,3.0,48.5457,,,
南山区,沙河街道,2018.0,2.0,12.5377,4.0,559855.2,6.147518398005738
南山区,粤海街道,2010.0,3.0,52.39,,,
南山区,粤海街道,2011.0,1.0,1.3448,,,
南山区,粤海街道,2012.0,1.0,1.3414,,,
南山区,粤海街道,2013.0,3.0,3.9770000000000003,,,
南山区,粤海街道,2015.0,3.0,8.430399999999999,,,
南山区,粤海街道,2016.0,3.0,8.5666,,,
南山区,粤海街道,2018.0,3.0,2.1676,4.0,559855.2,6.147518398005738
南山区,蛇口街道,2010.0,4.0,7.8,,,
南山区,蛇口街道,2013.0,1.0,2.9586,,,
南山区,蛇口街道,2014.0,1.0,4.655,,,
南山区,蛇口街道,2016.0,1.0,0.4057,,,
南山区,西丽街道,2010.0,2.0,11.92,,,
南山区,西丽街道,2012.0,3.0,5.7423,,,
南山区,西丽街道,2014.0,1.0,1.2475,,,
南山区,西丽街道,2017.0,4.0,4.1569780000000005,,,
南山区,西丽街道,2018.0,2.0,4.5253,4.0,559855.2,6.147518398005738
南山区,,2019.0,,,10.0,365392.7,6.795051647473027
南山区,,2021.0,,,8.0,440545.69999999995,7.280701034691559
南山区,,2022.0,,,5.0,381011.0,8.89346255565459
坪山区,坑梓街道,2010.0,1.0,2.8,,,
坪山区,坑梓街道,2014.0,1.0,15.9082,,,
坪山区,坪山街道,2010.0,6.0,54.92,,,
坪山区,坪山街道,2013.0,2.0,34.6543,,,
坪山区,坪山街道,2014.0,2.0,32.0098,,,
坪山区,坪山街道,2015.0,7.0,126.7585,,,
坪山区,坪山街道,2016.0,6.0,39.6109,,,
坪山区,坪山街道,2018.0,1.0,11.29827,,,
坪山区,马峦街道,2018.0,1.0,5.4291599999999995,,,
坪山区,,2019.0,,,2.0,288143.7,7.483795283348493
坪山区,,2020.0,,,2.0,116782.3,3.969549519513464
坪山区,,2021.0,,,4.0,514766.2,6.8774019239599165
坪山区,,2022.0,,,2.0,154725.9,5.365960560560147
大鹏区,,2018.0,,,2.0,111716.0,4.086722649463196
大鹏区,,2021.0,,,2.0,84089.3,5.65542673586223
大鹏区,,2022.0,,,3.0,408329.9,5.696578273728921
大鹏新区,南澳街道,2010.0,2.0,9.14,,,
大鹏新区,南澳街道,2013.0,2.0,15.3171,,,
大鹏新区,大鹏街道,2010.0,2.0,9.34,,,
大鹏新区,大鹏街道,2012.0,2.0,20.515,,,
大鹏新区,大鹏街道,2016.0,2.0,5.5343,,,
大鹏新区,葵涌街道,2010.0,4.0,30.82,,,
大鹏新区,葵涌街道,2011.0,1.0,7.1137,,,
大鹏新区,葵涌街道,2012.0,2.0,18.6985,,,
大鹏新区,葵涌街道,2014.0,1.0,24.5992,,,
大鹏新区,葵涌街道,2015.0,2.0,12.4731,,,
大鹏新区,葵涌街道,2016.0,5.0,28.5941,,,
宝安区,新安街道,2010.0,7.0,64.42,,,
宝安区,新安街道,2011.0,2.0,2.4223,,,
宝安区,新安街道,2012.0,5.0,26.5196,,,
宝安区,新安街道,2013.0,1.0,2.4923,,,
宝安区,新安街道,2014.0,2.0,5.399900000000001,,,
宝安区,新安街道,2015.0,4.0,22.1207,,,
宝安区,新安街道,2016.0,2.0,3.8701,,,
宝安区,新安街道,2018.0,3.0,29.000097,8.0,285254.2,5.999970991265842
宝安区,新桥街道,2018.0,1.0,6.81485,8.0,285254.2,5.999970991265842
宝安区,松岗街道,2010.0,7.0,84.77,,,
宝安区,松岗街道,2011.0,1.0,13.3,,,
宝安区,松岗街道,2012.0,1.0,20.0009,,,
宝安区,松岗街道,2013.0,1.0,3.9404,,,
宝安区,松岗街道,2015.0,3.0,6.277699999999999,,,
宝安区,松岗街道,2016.0,4.0,32.7101,,,
宝安区,沙井街道,2010.0,5.0,19.87,,,
宝安区,沙井街道,2011.0,1.0,6.9477,,,
宝安区,沙井街道,2012.0,3.0,8.5171,,,
宝安区,沙井街道,2013.0,3.0,16.2972,,,
宝安区,沙井街道,2014.0,1.0,16.6119,,,
宝安区,沙井街道,2015.0,6.0,43.5159,,,
宝安区,沙井街道,2016.0,4.0,38.9848,,,
宝安区,沙井街道,2018.0,1.0,19.401299,8.0,285254.2,5.999970991265842
宝安区,燕罗街道,2018.0,1.0,1.043047,8.0,285254.2,5.999970991265842
宝安区,石岩街道,2010.0,3.0,27.92,,,
宝安区,石岩街道,2011.0,4.0,24.2219,,,
宝安区,石岩街道,2012.0,1.0,3.1505,,,
宝安区,石岩街道,2013.0,1.0,2.6442,,,
宝安区,石岩街道,2015.0,4.0,44.3981,,,
宝安区,石岩街道,2018.0,1.0,3.237622,8.0,285254.2,5.999970991265842
宝安区,福永街道,2010.0,4.0,55.73,,,
宝安区,福永街道,2011.0,1.0,2.2587,,,
宝安区,福永街道,2012.0,1.0,17.3337,,,
宝安区,福永街道,2014.0,1.0,7.4969,,,
宝安区,福永街道,2015.0,2.0,12.5441,,,
宝安区,福永街道,2016.0,1.0,2.0255,,,
宝安区,福永街道,2018.0,2.0,12.215150999999999,8.0,285254.2,5.999970991265842
宝安区,福海街道,2017.0,1.0,16.6439,,,
宝安区,航城街道,2018.0,1.0,7.02339,8.0,285254.2,5.999970991265842
宝安区,西乡街道,2010.0,10.0,59.32,,,
宝安区,西乡街道,2011.0,3.0,16.7563,,,
宝安区,西乡街道,2012.0,2.0,15.318299999999999,,,
宝安区,西乡街道,2013.0,2.0,8.2388,,,
宝安区,西乡街道,2014.0,8.0,22.5315,,,
宝安区,西乡街道,2015.0,1.0,4.2676,,,
宝安区,西乡街道,2016.0,5.0,15.8953,,,
宝安区,西乡街道,2018.0,5.0,40.448189,8.0,285254.2,5.999970991265842
宝安区,,2019.0,,,11.0,928227.8300000001,6.252925165968644
宝安区,,2020.0,,,17.0,1090423.7,6.179348312359538
宝安区,,2021.0,,,8.0,374588.77,8.066094875899484
宝安区,,2022.0,,,2.0,758566.8,5.997098941796806
盐田区,梅沙街道,2010.0,2.0,4.52,,,
盐田区,梅沙街道,2015.0,1.0,2.8794,,,
盐田区,沙头角街道,2010.0,3.0,8.29003,,,
盐田区,沙头角街道,2011.0,1.0,1.6841,,,
盐田区,沙头角街道,2012.0,1.0,2.6742,,,
盐田区,沙头角街道,2016.0,1.0,1.0172,,,
盐田区,沙头角街道,2017.0,4.0,8.77751,,,
盐田区,沙头角街道,2018.0,4.0,7.698513,4.0,88992.23,7.2805214208292215
盐田区,海山街道,2010.0,3.0,17.2205,,,
盐田区,海山街道,2011.0,1.0,1.4898,,,
盐田区,海山街道,2017.0,3.0,5.7833000000000006,,,
盐田区,盐田街道,2010.0,1.0,2.62,,,
盐田区,盐田街道,2014.0,1.0,3.091,,,
盐田区,盐田街道,2017.0,3.0,13.800865,,,
盐田区,盐田街道,2018.0,4.0,26.69551,4.0,88992.23,7.2805214208292215
盐田区,,2019.0,,,4.0,271139.5,6.5446743794572
盐田区,,2020.0,,,1.0,50885.3,6.314207628587226
盐田区,,2021.0,,,5.0,406373.3,6.316959418108148
盐田区,,2022.0,,,1.0,46423.9,4.431702554794709
福田区,上步街道,2011.0,1.0,5.775,,,
福田区,华富街道,2010.0,1.0,2.96,,,
福田区,华富街道,2015.0,1.0,5.7979,,,
福田区,华富街道,2017.0,1.0,1.3137,,,
福田区,华强北街道,2010.0,3.0,11.73,,,
福田区,华强北街道,2012.0,1.0,2.2275,,,
福田区,华强北街道,2016.0,2.0,1.4962,,,
福田区,园岭街道,2010.0,1.0,1.2,,,
福田区,园岭街道,2012.0,1.0,5.5646,,,
福田区,园岭街道,2014.0,1.0,1.9653,,,
福田区,园岭街道,2017.0,1.0,0.798,,,
福田区,园岭街道,2018.0,2.0,2.3079899999999998,11.0,211001.29,8.158804723690219
福田区,梅林街道,2010.0,3.0,20.14,,,
福田区,梅林街道,2012.0,2.0,4.1417,,,
福田区,梅林街道,2014.0,1.0,1.005,,,
福田区,梅林街道,2015.0,2.0,4.33,,,
福田区,梅林街道,2016.0,3.0,3.4617,,,
福田区,梅林街道,2017.0,1.0,2.8409,,,
福田区,梅林街道,2018.0,3.0,2.092956,11.0,211001.29,8.158804723690219
福田区,沙嘴街道,2010.0,1.0,7.41,,,
福田区,沙头街道,2010.0,2.0,9.13,,,
福田区,沙头街道,2011.0,1.0,4.4361,,,
福田区,沙头街道,2012.0,1.0,1.7793,,,
福田区,沙头街道,2013.0,2.0,16.0797,,,
福田区,沙头街道,2015.0,2.0,17.2728,,,
福田区,沙头街道,2016.0,1.0,4.8277,,,
福田区,沙头街道,2017.0,1.0,2.336,,,
福田区,福田街道,2010.0,3.0,67.94,,,
福田区,福田街道,2014.0,1.0,2.9958,,,
福田区,福田街道,2016.0,1.0,22.958,,,
福田区,莲花街道,2010.0,3.0,19.319999999999997,,,
福田区,莲花街道,2012.0,1.0,6.32,,,
福田区,莲花街道,2017.0,1.0,0.4756,,,
福田区,香蜜湖街道,2010.0,2.0,11.33,,,
福田区,香蜜湖街道,2013.0,1.0,4.083,,,
福田区,香蜜湖街道,2016.0,1.0,0.8073,,,
福田区,,2019.0,,,6.0,182946.86,10.063091096000415
福田区,,2020.0,,,3.0,116437.2,8.201159066646333
福田区,,2021.0,,,4.0,71216.1,10.365707095435635
福田区,,2022.0,,,2.0,235199.0,11.059490658867297
罗湖区,东晓街道,2010.0,6.0,26.8123,,,
罗湖区,东晓街道,2011.0,1.0,1.2756,,,
罗湖区,东晓街道,2012.0,2.0,9.9863,,,
罗湖区,东晓街道,2013.0,1.0,1.7016,,,
罗湖区,东晓街道,2014.0,1.0,1.1342,,,
罗湖区,东晓街道,2016.0,3.0,10.68534,,,
罗湖区,东湖街道,2017.0,1.0,11.26,,,
罗湖区,东门街道,2013.0,1.0,40.0702,,,
罗湖区,南湖街道,2010.0,1.0,1.28,,,
罗湖区,南湖街道,2012.0,1.0,2.713,,,
罗湖区,南湖街道,2014.0,1.0,0.8566,,,
罗湖区,南湖街道,2015.0,1.0,0.8708,,,
罗湖区,南湖街道,2016.0,1.0,0.52367,,,
罗湖区,南湖街道,2018.0,1.0,0.494,7.0,443943.81,9.610167071255177
罗湖区,桂园街道,2013.0,2.0,34.170700000000004,,,
罗湖区,清水河街道,2010.0,2.0,13.09,,,
罗湖区,清水河街道,2012.0,1.0,8.9075,,,
罗湖区,清水河街道,2015.0,2.0,3.8909000000000002,,,
罗湖区,清水河街道,2016.0,2.0,14.35716,,,
罗湖区,清水河街道,2017.0,2.0,4.64446,,,
罗湖区,清水河街道,2018.0,2.0,2.0030200000000002,7.0,443943.81,9.610167071255177
罗湖区,笋岗街道,2010.0,3.0,14.804350000000001,,,
罗湖区,笋岗街道,2014.0,2.0,10.3369,,,
罗湖区,笋岗街道,2015.0,1.0,5.3676,,,
罗湖区,笋岗街道,2016.0,2.0,4.23494,,,
罗湖区,笋岗街道,2017.0,2.0,7.894159999999999,,,
罗湖区,翠竹街道,2010.0,4.0,18.43,,,
罗湖区,翠竹街道,2011.0,1.0,1.7191,,,
罗湖区,翠竹街道,2012.0,1.0,1.0938,,,
罗湖区,翠竹街道,2013.0,2.0,5.7887,,,
罗湖区,翠竹街道,2015.0,1.0,0.584,,,
罗湖区,翠竹街道,2017.0,1.0,0.57739,,,
罗湖区,莲塘街道,2010.0,3.0,8.98,,,
罗湖区,莲塘街道,2011.0,1.0,2.7767,,,
罗湖区,莲塘街道,2014.0,2.0,8.4164,,,
罗湖区,莲塘街道,2016.0,2.0,1.43752,,,
罗湖区,黄贝街道,2013.0,1.0,1.0395,,,
罗湖区,黄贝街道,2016.0,1.0,0.72348,,,
罗湖区,黄贝街道,2017.0,2.0,13.08283,,,
罗湖区,,2019.0,,,2.0,363610.1,11.924151290512018
罗湖区,,2020.0,,,4.0,71829.6,9.042794527599764
罗湖区,,2021.0,,,4.0,264545.9,8.328015693667753
罗湖区,,2022.0,,,1.0,13072.7,8.050469122791611
龙华区,大浪街道,2010.0,5.0,32.24,,,
龙华区,大浪街道,2011.0,2.0,8.254,,,
龙华区,大浪街道,2013.0,1.0,11.7826,,,
龙华区,大浪街道,2015.0,2.0,18.9521,,,
龙华区,大浪街道,2016.0,3.0,16.3315,,,
龙华区,大浪街道,2018.0,4.0,20.8277,7.0,318327.4,6.344429244566044
龙华区,民治街道,2010.0,1.0,2.27,,,
龙华区,民治街道,2011.0,3.0,11.165600000000001,,,
龙华区,民治街道,2012.0,1.0,1.8496,,,
龙华区,民治街道,2013.0,1.0,2.2264,,,
龙华区,民治街道,2014.0,1.0,9.1092,,,
龙华区,民治街道,2015.0,4.0,27.8088,,,
龙华区,民治街道,2016.0,3.0,13.0714,,,
龙华区,民治街道,2018.0,2.0,4.7259,7.0,318327.4,6.344429244566044
龙华区,福城街道,2016.0,1.0,12.4282,,,
龙华区,福城街道,2018.0,1.0,4.6985,7.0,318327.4,6.344429244566044
龙华区,观湖街道,2016.0,4.0,21.9575,,,
龙华区,观湖街道,2017.0,2.0,6.311170000000001,,,
龙华区,观湖街道,2018.0,1.0,4.1623,7.0,318327.4,6.344429244566044
龙华区,观澜街道,2010.0,6.0,37.39,,,
龙华区,观澜街道,2012.0,6.0,69.6584,,,
龙华区,观澜街道,2014.0,1.0,3.7321,,,
龙华区,观澜街道,2015.0,5.0,72.6293,,,
龙华区,观澜街道,2016.0,4.0,22.9133,,,
龙华区,观澜街道,2018.0,3.0,14.294,7.0,318327.4,6.344429244566044
龙华区,龙华区大浪街道,2017.0,1.0,3.763596,,,
龙华区,龙华区民治街道,2017.0,1.0,1.2813,,,
龙华区,龙华区龙华街道,2017.0,1.0,2.34964,,,
龙华区,龙华街道,2010.0,10.0,97.87,,,
龙华区,龙华街道,2011.0,3.0,12.1414,,,
龙华区,龙华街道,2012.0,5.0,55.3733,,,
龙华区,龙华街道,2014.0,2.0,5.566999999999999,,,
龙华区,龙华街道,2015.0,2.0,10.296899999999999,,,
龙华区,龙华街道,2016.0,6.0,17.5625,,,
龙华区,龙华街道,2017.0,2.0,13.469299999999999,,,
龙华区,龙华街道,2018.0,4.0,28.7745,7.0,318327.4,6.344429244566044
龙华区,,2019.0,,,13.0,733720.4,6.568025983399495
龙华区,,2020.0,,,19.0,1325863.8,7.34404339662007
龙华区,,2021.0,,,6.0,541379.8,7.00486098228005
龙华区,,2022.0,,,10.0,1502682.7,7.087777839016171
龙岗区,南湾街道,2010.0,6.0,47.11,,,
龙岗区,南湾街道,2013.0,1.0,4.9616,,,
龙岗区,南湾街道,2014.0,2.0,15.659500000000001,,,
龙岗区,南湾街道,2015.0,1.0,5.8418,,,
龙岗区,南湾街道,2016.0,1.0,5.8298,,,
龙岗区,南湾街道,2017.0,1.0,11.9537,,,
龙岗区,南湾街道,2018.0,1.0,5.837,7.0,1082484.9,6.725697007349818
龙岗区,南联街道,2010.0,1.0,6.87,,,
龙岗区,吉华街道,2018.0,2.0,13.07821,7.0,1082484.9,6.725697007349818
龙岗区,园山街道,2018.0,3.0,28.338900000000002,7.0,1082484.9,6.725697007349818
龙岗区,坂田街道,2010.0,4.0,82.07,,,
龙岗区,坂田街道,2011.0,1.0,8.8884,,,
龙岗区,坂田街道,2012.0,4.0,101.05709999999999,,,
龙岗区,坂田街道,2013.0,1.0,4.8382,,,
龙岗区,坂田街道,2014.0,2.0,13.1788,,,
龙岗区,坂田街道,2015.0,2.0,53.183899999999994,,,
龙岗区,坂田街道,2016.0,2.0,17.276500000000002,,,
龙岗区,坂田街道,2017.0,4.0,31.52842,,,
龙岗区,坂田街道,2018.0,3.0,6.89342,7.0,1082484.9,6.725697007349818
龙岗区,坪地街道,2010.0,2.0,9.29,,,
龙岗区,坪地街道,2011.0,1.0,14.0267,,,
龙岗区,坪地街道,2015.0,1.0,6.0999,,,
龙岗区,坪地街道,2018.0,1.0,10.23164,7.0,1082484.9,6.725697007349818
龙岗区,宝龙街道,2018.0,2.0,24.19407,7.0,1082484.9,6.725697007349818
龙岗区,布吉街道,2010.0,4.0,78.28,,,
龙岗区,布吉街道,2011.0,1.0,1.6638,,,
龙岗区,布吉街道,2013.0,1.0,12.1672,,,
龙岗区,布吉街道,2016.0,2.0,32.4887,,,
龙岗区,布吉街道,2017.0,1.0,6.1076,,,
龙岗区,平湖街道,2010.0,4.0,63.58,,,
龙岗区,平湖街道,2013.0,1.0,2.9634,,,
龙岗区,平湖街道,2014.0,1.0,14.811,,,
龙岗区,平湖街道,2015.0,2.0,52.3712,,,
龙岗区,平湖街道,2016.0,6.0,64.1448,,,
龙岗区,平湖街道,2017.0,1.0,16.9204,,,
龙岗区,平湖街道,2018.0,2.0,23.795089,7.0,1082484.9,6.725697007349818
龙岗区,横岗街道,2010.0,16.0,170.68,,,
龙岗区,横岗街道,2013.0,1.0,26.2273,,,
龙岗区,横岗街道,2014.0,1.0,18.6475,,,
龙岗区,横岗街道,2015.0,1.0,7.3799,,,
龙岗区,横岗街道,2016.0,2.0,53.3026,,,
龙岗区,横岗街道,2018.0,2.0,32.95021,7.0,1082484.9,6.725697007349818
龙岗区,龙城街道,2010.0,13.0,149.67,,,
龙岗区,龙城街道,2011.0,2.0,11.1629,,,
龙岗区,龙城街道,2012.0,1.0,39.3144,,,
龙岗区,龙城街道,2013.0,2.0,41.692800000000005,,,
龙岗区,龙城街道,2014.0,2.0,17.8095,,,
龙岗区,龙城街道,2015.0,1.0,4.4657,,,
龙岗区,龙城街道,2018.0,1.0,2.27356,7.0,1082484.9,6.725697007349818
龙岗区,龙岗街道,2010.0,10.0,164.7006,,,
龙岗区,龙岗街道,2011.0,2.0,75.18830000000001,,,
龙岗区,龙岗街道,2012.0,1.0,43.0244,,,
龙岗区,龙岗街道,2013.0,2.0,10.3961,,,
龙岗区,龙岗街道,2014.0,1.0,29.0945,,,
龙岗区,龙岗街道,2015.0,3.0,57.112700000000004,,,
龙岗区,龙岗街道,2016.0,1.0,16.6398,,,
龙岗区,龙岗街道,2017.0,1.0,8.33385,,,
龙岗区,龙岗街道,2018.0,1.0,46.25741,7.0,1082484.9,6.725697007349818
龙岗区,,2019.0,,,8.0,1384560.3,7.301670264311927
龙岗区,,2020.0,,,14.0,1276810.3,7.554997808847158
龙岗区,,2021.0,,,15.0,2246877.8,7.1630856242860315
龙岗区,,2022.0,,,3.0,218534.4,7.680152133570682
